ID,Description,setSize,enrichmentScore,NES,pvalue,p.adjust,qvalue,rank,leading_edge,core_enrichment
GO:0002181,cytoplasmic translation,149,-0.7893785144926091,-2.457806232338592,1e-10,1.6903030303030304e-8,1.536842105263158e-8,2415,"tags=60%, list=13%, signal=52%",10605/6204/51121/10492/1974/1819/8664/6136/10399/6122/7555/51389/54505/4733/6133/200916/6158/6202/6139/55854/6191/6144/6143/51386/6210/6218/6206/8666/24140/6189/6233/3646/6130/6160/6129/6169/6165/57409/6157/6230/4736/6155/6235/6229/6188/6164/6201/9349/10480/6159/6224/6152/6205/6223/2197/6156/25873/6147/6228/6209/3921/6132/11224/6181/6175/6203/6161/23521/27335/6222/7311/6138/220717/6137/6176/5315/6227/6207/6168/6171/6187/6193/6134/6217/6141/6170/6208/6142/6451
GO:0006119,oxidative phosphorylation,122,-0.7387019298449734,-2.274469283120792,1e-10,1.6903030303030304e-8,1.536842105263158e-8,2896,"tags=56%, list=16%, signal=47%",4716/9377/1716/790955/1738/84300/9551/7381/515/388753/522/27069/4700/6390/539/54205/1345/4706/10975/84277/10632/4728/514/4708/400916/891/4694/4724/7386/1349/10476/4723/983/11315/498/29796/1347/4695/9167/4711/1340/4698/4712/54539/506/1329/6392/65990/4718/374291/4722/1351/513/4713/27089/51142/1327/7388/6391/4702/30968/1537/1337/7384/1350/509/6472/4697
GO:0006334,nucleosome assembly,98,-0.7440087753322572,-2.2251826210901142,1e-10,1.6903030303030304e-8,1.536842105263158e-8,1346,"tags=44%, list=7%, signal=41%",3005/8353/3018/8354/8344/8368/3014/25842/8520/126961/83743/8343/4869/8345/8352/8363/8339/653604/8365/8970/121504/8366/3009/8367/8348/8362/3006/8350/8358/3007/8346/8364/8971/8968/8360/8355/3008/8341/8357/8361/8359/8340/8294
GO:0042773,ATP synthesis coupled electron transport,82,-0.756979397279856,-2.2170898701254163,1e-10,1.6903030303030304e-8,1.536842105263158e-8,2896,"tags=61%, list=16%, signal=51%",4716/9377/1716/790955/1738/7381/388753/27069/4700/6390/54205/1345/4706/10975/4728/4708/891/4694/4724/7386/1349/4723/983/11315/29796/1347/4695/9167/4711/1340/4698/4712/1329/6392/4718/374291/4722/1351/4713/27089/51142/1327/7388/6391/4702/1537/1337/7384/1350/4697
GO:0042775,mitochondrial ATP synthesis coupled electron transport,82,-0.756979397279856,-2.2170898701254163,1e-10,1.6903030303030304e-8,1.536842105263158e-8,2896,"tags=61%, list=16%, signal=51%",4716/9377/1716/790955/1738/7381/388753/27069/4700/6390/54205/1345/4706/10975/4728/4708/891/4694/4724/7386/1349/4723/983/11315/29796/1347/4695/9167/4711/1340/4698/4712/1329/6392/4718/374291/4722/1351/4713/27089/51142/1327/7388/6391/4702/1537/1337/7384/1350/4697
GO:0009060,aerobic respiration,167,-0.702168178961169,-2.203089589752269,1e-10,1.6903030303030304e-8,1.536842105263158e-8,2935,"tags=49%, list=16%, signal=41%",8802/5162/4716/9377/1716/790955/1738/84300/9551/7381/515/4191/388753/522/27069/4700/6390/539/54205/2647/1345/4706/10975/84277/10632/3418/29997/4190/4728/514/4708/400916/891/4694/4724/3421/7386/1349/50/402/92259/10476/4723/983/11315/498/6834/29796/1347/4695/9167/4711/1340/4698/4712/54539/506/1329/6392/65990/4718/374291/4722/1351/3420/513/4713/27089/51142/1327/7388/6391/4702/30968/1537/1337/7384/1350/509/6472/4697
GO:0042274,ribosomal small subunit biogenesis,104,-0.7224136535752149,-2.1804487716056946,1e-10,1.6903030303030304e-8,1.536842105263158e-8,1773,"tags=43%, list=10%, signal=39%",84128/9277/55781/65083/2068/6202/388524/6191/27341/11103/25926/6210/6218/6206/91582/6189/28987/30836/51081/6169/84916/115939/4869/6230/9136/6229/6201/4809/2091/6205/6223/6228/6209/92856/3921/26284/6203/10607/29777/6227/6207/6193/6217/55272/6208
GO:0019646,aerobic electron transport chain,74,-0.7499929448003905,-2.1601204120960706,1e-10,1.6903030303030304e-8,1.536842105263158e-8,2896,"tags=59%, list=16%, signal=50%",4716/9377/790955/1738/7381/4700/6390/54205/1345/4706/10975/4728/4708/4694/4724/7386/1349/4723/11315/29796/1347/4695/9167/4711/1340/4698/4712/1329/6392/4718/374291/4722/1351/4713/27089/1327/7388/6391/4702/1537/1337/7384/1350/4697
GO:0022900,electron transport chain,147,-0.6901692400912763,-2.1507119989616306,1e-10,1.6903030303030304e-8,1.536842105263158e-8,2896,"tags=46%, list=16%, signal=39%",4716/9377/1716/790955/1738/7381/388753/27069/2230/10514/4700/6390/54205/1353/1345/4706/10975/5447/8659/4728/4708/9249/891/8560/4694/4724/1535/7386/1349/4723/983/11315/26227/6834/29796/57019/1347/4695/9167/4711/1340/7264/128/4698/4712/1329/6392/57215/4718/374291/4722/1351/3420/4713/231/27089/51142/1327/7388/6391/4702/1537/1337/144363/7384/1350/8574/4697
GO:0022904,respiratory electron transport chain,103,-0.7101158800754843,-2.144986331952797,1e-10,1.6903030303030304e-8,1.536842105263158e-8,2896,"tags=50%, list=16%, signal=43%",4716/9377/1716/790955/1738/7381/388753/27069/10514/4700/6390/54205/1345/4706/10975/4728/4708/891/4694/4724/7386/1349/4723/983/11315/29796/1347/4695/9167/4711/1340/4698/4712/1329/6392/4718/374291/4722/1351/4713/27089/51142/1327/7388/6391/4702/1537/1337/144363/7384/1350/4697
GO:0042254,ribosome biogenesis,317,-0.6548291744478304,-2.1407185342846113,1e-10,1.6903030303030304e-8,1.536842105263158e-8,2916,"tags=42%, list=16%, signal=36%",84135/55319/9045/10171/55505/25879/7514/56915/79050/196074/51335/23517/115416/84549/112479/401466/84273/22894/79922/51121/10556/57647/134430/10514/51154/79039/80135/51575/10600/55178/84365/22907/26155/54475/54505/54663/84881/22868/84128/9277/84769/29081/55781/29997/5036/9326/65083/2068/54555/54606/55003/6202/388524/51093/6191/27341/11103/84231/25926/83939/6210/6218/10775/6206/91582/50628/10412/6189/27079/28987/6130/30836/55299/51081/6129/6169/84916/6165/23481/10360/83743/55011/54913/55695/1964/115939/92342/4869/6059/51116/6230/4736/6155/9136/6229/113000/6201/4809/2091/10438/10248/6152/6205/6223/51068/51187/6147/6228/23246/6209/92856/3921/26284/11224/6175/6203/3692/5901/10607/220717/51504/29777/6023/6227/6207/57418/6193/6134/6217/55794/55272/6208
GO:0032543,mitochondrial translation,129,-0.6870819094907348,-2.120280849217994,1e-10,1.6903030303030304e-8,1.536842105263158e-8,2940,"tags=54%, list=16%, signal=46%",6150/51069/57129/51373/84300/51335/26995/115416/79072/9553/285367/54460/79590/51204/10884/5188/54148/84311/29088/84881/22868/51263/84769/65008/51318/124995/128308/118487/51264/64949/64976/11222/6182/64979/64981/81554/28998/80222/54931/55168/29093/51650/78988/29074/63875/51081/51258/51649/51253/51116/3396/54998/740/51073/51021/65003/60488/54534/28973/64975/65993/10573/7284/90480/116541/28958/84545/6472/6183/64928
GO:0045333,cellular respiration,207,-0.6603644602498442,-2.102624680137267,1e-10,1.6903030303030304e-8,1.536842105263158e-8,3292,"tags=46%, list=18%, signal=38%",3458/2108/5290/5018/54949/2629/8802/5162/4716/23596/9377/1716/790955/1738/84300/9551/7381/515/4191/388753/522/27069/10131/84269/10514/4700/6390/539/54205/2647/1345/4706/10975/84277/10632/3418/114789/29997/4190/4728/514/4708/400916/891/4694/4724/3421/27166/7386/1349/50/402/92259/10476/4723/983/11315/498/205251/55847/6834/29796/1347/4695/9167/4711/1340/4698/4712/54539/506/1329/6392/65990/4718/374291/4722/1351/3420/513/4713/27089/51142/1327/7388/6391/4702/30968/1537/1337/144363/7384/1350/509/6472/4697
GO:0046034,ATP metabolic process,116,-0.6847472126993784,-2.0997963597637286,1e-10,1.6903030303030304e-8,1.536842105263158e-8,2752,"tags=44%, list=15%, signal=38%",790955/9551/515/522/3988/204/4700/6390/539/56848/1353/4706/84277/10632/114789/4728/514/4708/9556/4694/4724/10476/4723/498/572/4695/4711/516/4698/84833/4712/54539/506/6392/65990/4718/3312/374291/7114/4722/513/4713/51024/2023/6391/4702/30968/509/518/706/517
GO:0034728,nucleosome organization,117,-0.6827283384033546,-2.0946690968334267,1e-10,1.6903030303030304e-8,1.536842105263158e-8,1346,"tags=38%, list=7%, signal=36%",3005/8353/6603/3018/8354/8344/8368/3014/25842/8520/126961/83743/8343/4869/8345/8352/8363/8339/653604/8365/8970/121504/8366/3009/92815/8367/8348/8362/3006/8350/8358/3007/8346/8364/8971/8968/8360/8355/3008/8341/8357/8361/8359/8340/8294
GO:0140053,mitochondrial gene expression,162,-0.6681763800044955,-2.08785088834095,1e-10,1.6903030303030304e-8,1.536842105263158e-8,2940,"tags=48%, list=16%, signal=41%",6150/51069/57129/51373/84300/51335/26995/115416/79072/9553/7978/285367/54460/79590/51204/10884/5188/54148/84311/29088/84881/22868/51263/84769/65008/51318/124995/128308/118487/51264/64949/64976/11222/400916/6182/64979/64981/81554/79675/28998/80222/54931/55168/5442/29093/51650/78988/29074/63875/51081/51258/10922/51649/51253/51116/3396/54998/740/51073/51021/57215/65003/60488/54534/28973/64975/65993/10573/7284/9238/90480/116541/28958/84545/6472/6183/3028/64928
GO:1902600,proton transmembrane transport,118,-0.6749582368620851,-2.071596566446232,1e-10,1.6903030303030304e-8,1.536842105263158e-8,2828,"tags=38%, list=16%, signal=32%",9377/529/285335/9551/515/285195/522/27069/150159/539/56848/533/440400/10063/10632/514/8992/292/6566/7386/1349/10476/498/6834/29796/9167/1340/516/506/1329/65990/11331/374291/7114/1351/513/1327/7388/1537/7384/509/518/9296/517/4697
GO:0009205,purine ribonucleoside triphosphate metabolic process,138,-0.6631061221366041,-2.051596122185581,1e-10,1.6903030303030304e-8,1.536842105263158e-8,2637,"tags=41%, list=15%, signal=35%",9551/515/522/168537/3988/204/4700/6390/539/4830/56848/1353/4706/84277/10632/4833/114789/4728/514/4708/9556/4694/4724/10476/4723/498/572/3704/4695/4711/516/4698/84833/4712/54539/506/6392/65990/4718/3312/374291/7114/4722/513/4713/51024/2023/6391/4702/30968/4832/5901/509/518/706/517
GO:0009144,purine nucleoside triphosphate metabolic process,144,-0.6530636239639235,-2.0308140519247044,1e-10,1.6903030303030304e-8,1.536842105263158e-8,2988,"tags=42%, list=17%, signal=36%",527/4716/1716/790955/9551/515/100/522/168537/3988/204/4700/6390/539/4830/56848/1353/4706/84277/10632/4833/114789/4728/514/4708/9556/4694/4724/10476/4723/498/572/3704/4695/4711/516/4698/84833/4712/54539/506/6392/65990/4718/3312/374291/7114/4722/513/4713/51024/2023/6391/4702/30968/4832/5901/509/518/706/517
GO:0006364,rRNA processing,221,-0.634191903004136,-2.0254888142297567,1e-10,1.6903030303030304e-8,1.536842105263158e-8,2962,"tags=38%, list=16%, signal=33%",6232/84135/9045/10171/55505/25879/56915/79050/196074/23517/84549/112479/22894/79922/10556/57647/134430/51154/79039/80135/51575/55178/84365/54663/84881/84128/9277/29081/55781/29997/5036/9326/65083/2068/54555/54606/6202/51093/27341/11103/25926/6218/10775/50628/10412/27079/28987/6130/55299/6129/84916/6165/23481/10360/55011/54913/55695/115939/92342/6230/4736/6155/9136/6229/113000/6201/4809/2091/10438/10248/6223/23246/6209/92856/11224/3692/10607/51504/29777/6023/6227/57418/6217/55272/6208
GO:0009199,ribonucleoside triphosphate metabolic process,145,-0.6486945672549331,-2.0152849721609605,1e-10,1.6903030303030304e-8,1.536842105263158e-8,2637,"tags=39%, list=15%, signal=34%",9551/515/522/168537/3988/204/4700/6390/539/4830/56848/83549/1353/4706/84277/10632/4833/114789/4728/514/4708/9556/4694/4724/10476/4723/498/572/3704/4695/4711/516/4698/84833/4712/54539/506/6392/65990/4718/3312/374291/7114/4722/513/4713/51024/2023/6391/4702/30968/4832/5901/509/518/706/517
GO:0009141,nucleoside triphosphate metabolic process,160,-0.6374910035864709,-1.9909380889037949,1e-10,1.6903030303030304e-8,1.536842105263158e-8,2896,"tags=40%, list=16%, signal=34%",4716/1716/790955/9551/515/100/522/168537/3988/204/4700/6390/539/4830/56848/83549/1353/4706/84277/10632/4833/114789/1854/4728/514/4708/9556/9519/4694/4724/10476/4723/498/572/3704/4695/4711/516/4698/84833/4712/54539/506/6392/65990/79077/4718/3312/374291/7114/4722/513/4713/51024/2023/6391/4702/30968/4832/5901/509/518/706/517
GO:0022613,ribonucleoprotein complex biogenesis,478,-0.5955586645475981,-1.9683000983334358,1e-10,1.6903030303030304e-8,1.536842105263158e-8,3325,"tags=41%, list=18%, signal=34%",7520/54496/85395/10728/51367/6128/10419/11052/100151683/55127/55052/79033/84154/105378616/83640/11218/51634/55153/6060/6232/84135/55319/9045/10171/55505/25879/6632/7514/79833/56915/79050/196074/6431/51335/23517/26828/115416/26835/26834/84549/112479/401466/84273/58155/22894/79922/10421/51121/10556/57647/134430/10514/3320/51154/79039/6631/26824/80135/8664/25804/1207/51575/10600/55178/84365/1653/22907/6629/26155/54475/54505/54663/84881/22868/84128/9277/84769/29081/55781/29997/5036/101447996/9326/65083/2068/54555/54606/55003/6202/388524/101954267/51093/6191/11051/26831/6637/27341/11103/84231/51386/25926/83939/6210/6628/6218/10775/6206/8666/91582/50628/10412/6189/27079/3646/26832/28987/6130/30836/26864/55299/51081/51639/6635/56949/6129/6169/84916/6165/23481/27339/10360/83743/55011/54913/55702/84844/57819/55695/1964/115939/92342/4869/25980/6059/51116/6895/10078/6230/4736/6155/9136/6229/113000/6201/10480/4809/2091/10438/10248/6152/6205/6223/51068/51187/6147/6633/6228/23246/6209/92856/3921/26284/11224/6175/6203/3692/23521/27335/5901/10607/220717/83443/51504/29777/6023/10856/6227/6207/22827/57418/6193/6134/6217/55794/55272/6208
GO:0015980,energy derivation by oxidation of organic compounds,276,-0.6044214820333867,-1.9595481067603897,1e-10,1.6903030303030304e-8,1.536842105263158e-8,3382,"tags=42%, list=19%, signal=34%",521/378884/2997/3458/10728/2108/5290/37/5018/54949/3795/2629/8802/7360/5162/4716/23596/9377/1716/790955/1738/84300/9551/5443/7381/51763/515/4191/388753/522/27069/10131/84269/10514/4700/6390/539/54205/9821/2647/1345/4706/10975/84277/9852/10632/3418/114789/29997/4190/5501/4728/514/4708/3572/400916/891/3953/4694/4724/3421/27166/7386/1349/50/402/92259/10476/4723/983/11315/498/205251/7157/55847/6834/29796/5834/1347/4695/9167/5500/4711/5504/1340/4698/4712/54539/506/1329/6392/65990/4718/5499/374291/4722/1351/3420/513/4713/27089/51142/1327/7388/6391/4702/30968/1537/1337/144363/7384/1350/509/6472/4697
GO:0016072,rRNA metabolic process,259,-0.6017025558059341,-1.9432821148203698,1e-10,1.6903030303030304e-8,1.536842105263158e-8,3285,"tags=37%, list=18%, signal=31%",85395/51367/55127/79033/84154/162989/6232/84135/9045/10171/55505/25879/6598/56915/79050/196074/23517/84549/112479/22894/79922/10556/57647/134430/51154/79039/80135/51575/9328/55178/84365/54663/84881/84128/9277/29081/55781/29997/5036/9326/65083/2068/54555/54606/6202/51093/27341/11103/25926/6218/10775/50628/10412/27079/28987/6130/7157/55299/6129/84916/6165/23481/79002/10360/55011/54913/84186/55695/115939/92342/6230/4736/6155/9136/6229/113000/6201/4809/2091/10438/10248/6223/23246/6209/92856/11224/3692/10607/51504/29777/6023/6227/57418/6217/55272/6208
GO:0006091,generation of precursor metabolites and energy,419,-0.577729109632456,-1.9042042823006635,1e-10,1.6903030303030304e-8,1.536842105263158e-8,3338,"tags=38%, list=18%, signal=31%",378884/2997/3458/79178/10728/2108/3101/5290/37/5018/54949/3795/2629/8802/2203/7360/7086/5162/4716/23596/3155/9377/1716/790955/1738/84300/9551/5443/7381/51763/515/4191/388753/522/27069/10131/2230/3988/8870/84269/10514/4700/6390/539/54205/9821/56848/28964/2647/2232/1353/1345/4706/10975/5447/84277/9852/10063/10632/3418/8659/114789/29997/5223/4190/5501/4728/51548/514/4708/9249/3572/400916/891/3953/8560/54541/4694/4724/1535/3421/11182/27166/7386/1349/50/402/92259/5230/339123/10476/4723/983/11315/498/205251/2821/7157/26227/55847/6834/29796/57019/5834/1347/4695/9167/5500/2584/4711/5504/1050/1340/25796/7264/128/5211/4698/4712/54539/506/1329/6392/65990/57215/11331/2597/4718/230/5499/374291/4722/1351/3420/7167/513/4713/231/27089/51142/1327/2023/7388/6391/4702/30968/1537/1337/144363/3692/7384/1350/509/6472/5315/8574/64223/4697
GO:1901293,nucleoside phosphate biosynthetic process,252,-0.5828721005227585,-1.8814899904785343,1e-10,1.6903030303030304e-8,1.536842105263158e-8,4011,"tags=46%, list=22%, signal=36%",318/4696/2618/55902/51079/1737/1635/221264/126328/84875/7378/471/226/4710/4720/29922/55191/4594/79993/4709/132/4725/3735/125061/521/8942/55229/9524/527/4846/5162/4716/5631/1716/197258/790955/5164/1738/9551/2982/7083/515/100/6470/522/6240/5166/3988/204/4700/51727/93100/6390/539/4830/5198/56848/83549/1353/4706/84277/10632/51144/4833/83594/8050/1854/80347/1633/4728/514/4708/9556/2987/79717/64834/4860/9519/4694/4724/441024/80308/10476/4723/2639/498/11332/8564/3251/4695/4711/516/4698/84833/4712/54539/506/6392/65990/4718/374291/7114/4722/6576/513/4713/2023/6391/4702/30968/4832/509/518/517/102157402/353
GO:0009165,nucleotide biosynthetic process,251,-0.5819986256582748,-1.8770677753278813,1e-10,1.6903030303030304e-8,1.536842105263158e-8,4011,"tags=46%, list=22%, signal=36%",318/4696/2618/55902/51079/1737/1635/221264/126328/84875/7378/471/226/4710/4720/29922/55191/4594/79993/4709/132/4725/3735/125061/521/8942/55229/9524/527/4846/5162/4716/5631/1716/197258/790955/5164/1738/9551/2982/515/100/6470/522/6240/5166/3988/204/4700/51727/93100/6390/539/4830/5198/56848/83549/1353/4706/84277/10632/51144/4833/83594/8050/1854/80347/1633/4728/514/4708/9556/2987/79717/64834/4860/9519/4694/4724/441024/80308/10476/4723/2639/498/11332/8564/3251/4695/4711/516/4698/84833/4712/54539/506/6392/65990/4718/374291/7114/4722/6576/513/4713/2023/6391/4702/30968/4832/509/518/517/102157402/353
GO:0034470,ncRNA processing,414,-0.5569537375277467,-1.8350068375632538,1e-10,1.6903030303030304e-8,1.536842105263158e-8,3285,"tags=35%, list=18%, signal=29%",85395/221078/51367/6741/144233/55127/79033/84154/221400/55726/6232/6301/84135/9045/55656/10171/55505/283989/25879/56915/79050/114034/196074/60487/26995/23517/84549/84705/57117/112479/22894/79922/126789/10556/57647/134430/51154/79039/51637/80135/203522/90353/283742/54859/10667/51575/51091/55178/84520/84365/1653/112970/54663/84881/93587/84128/9277/29081/55781/51493/29997/5036/55039/9326/65083/55520/2068/348180/51574/6428/54555/54606/6202/51093/56986/54931/27341/11103/81890/25926/6218/10775/23587/9836/24140/50628/55152/27037/10412/27079/28987/6130/7157/55299/6129/84916/6165/23481/26610/10360/55011/54913/55695/115939/11180/92342/55621/6895/6230/4736/6155/9136/6229/113000/64118/6201/142940/4809/8270/2091/10438/10248/6223/56931/81605/23246/6209/92856/115708/138716/11224/3692/10607/51504/29777/6023/6227/80789/3028/57418/6217/55272/6208
GO:0009117,nucleotide metabolic process,439,-0.5430809986161057,-1.7911661359724707,1e-10,1.6903030303030304e-8,1.536842105263158e-8,4018,"tags=38%, list=22%, signal=30%",54995/318/1969/4696/2618/55902/51079/144811/1737/215/4598/1890/1635/221264/126328/84875/7378/84188/471/226/4710/4720/29922/55191/51071/4594/79993/4709/254552/132/4725/4976/3735/125061/521/10005/8623/8942/55229/8694/9524/527/4846/8802/7086/5162/4716/30833/5631/1267/1716/197258/790955/5164/1738/9551/2982/515/4191/1806/100/6470/522/168537/6240/5166/56953/3988/204/4700/51251/51727/93100/6390/3945/539/4830/5198/56848/83549/1353/4706/84277/5091/2766/10632/3418/51144/4833/83594/114789/8050/79873/1854/5223/4190/80347/1633/4728/514/4708/9556/3094/10591/2987/79717/8654/4597/64834/10380/4860/9519/4694/4724/10965/441024/80308/10476/4723/2639/11315/498/11332/7157/572/8564/84836/3704/10654/3251/4695/4913/4711/25796/516/4698/84833/4712/54539/506/6392/65990/79077/128240/4718/3312/374291/7114/4722/6576/513/4713/51024/2023/6391/4702/51181/30968/4832/5901/509/518/706/517/64223/102157402/353
GO:0006753,nucleoside phosphate metabolic process,446,-0.5422562035789463,-1.7881673944964247,1e-10,1.6903030303030304e-8,1.536842105263158e-8,4018,"tags=38%, list=22%, signal=30%",54995/318/1969/4696/2618/55902/51079/144811/1737/215/4598/1890/1635/221264/126328/84875/7378/84188/471/226/4710/4720/29922/55191/51071/4594/79993/4709/254552/132/4725/4976/3735/125061/521/10005/8623/8942/55229/8694/9524/527/4846/8802/7086/5162/4716/30833/5631/1267/1716/197258/790955/5164/1738/9551/2982/7083/515/4191/1806/100/6470/522/168537/6240/5166/56953/3988/204/4700/51251/51727/93100/6390/3945/539/4830/5198/56848/83549/1353/4706/84277/5091/2766/10632/3418/51144/4833/83594/114789/8050/79873/1854/5223/4190/80347/1633/4728/514/4708/9556/3094/10591/2987/79717/8654/4597/64834/10380/955/4860/9519/4694/4724/10965/441024/80308/10476/4723/2639/11315/498/11332/256281/7157/572/8564/84836/3704/10654/3251/4695/4913/4711/25796/516/4698/84833/4712/54539/506/6392/65990/79077/128240/4718/3312/374291/7114/4722/6576/513/4713/51024/2023/6391/4702/51181/30968/4832/5901/509/518/706/517/64223/102157402/353
GO:0006163,purine nucleotide metabolic process,383,-0.5365556322591942,-1.7614457365846017,1e-10,1.6903030303030304e-8,1.536842105263158e-8,4018,"tags=38%, list=22%, signal=30%",54995/318/1969/4696/2618/55902/51079/144811/1737/215/4598/126328/84875/84188/471/226/4710/4720/29922/55191/51071/4594/79993/4709/254552/132/4725/4976/125061/521/10005/8942/55229/8694/9524/527/4846/8802/7086/5162/4716/30833/5631/1716/790955/5164/1738/9551/2982/515/4191/100/522/168537/5166/3988/204/4700/93100/6390/3945/539/4830/5198/56848/1353/4706/84277/5091/2766/10632/3418/51144/4833/83594/114789/8050/79873/5223/4190/80347/1633/4728/514/4708/9556/3094/10591/2987/79717/8654/4597/64834/10380/4860/4694/4724/10965/441024/10476/4723/2639/498/11332/7157/572/8564/84836/3704/10654/3251/4695/4711/25796/516/4698/84833/4712/54539/506/6392/65990/4718/3312/374291/7114/4722/6576/513/4713/51024/2023/6391/4702/51181/30968/4832/5901/509/518/706/517/64223/353
GO:0072521,purine-containing compound metabolic process,404,-0.5342009812770944,-1.7586833551767815,1e-10,1.6903030303030304e-8,1.536842105263158e-8,4018,"tags=37%, list=22%, signal=30%",54995/318/1969/4696/2618/55902/51079/144811/1737/215/4598/126328/84875/84188/471/226/4710/4720/29922/22875/55191/51071/4594/79993/4709/254552/132/4725/4976/125061/521/10005/8942/55229/8694/9524/527/4846/8802/7086/5162/4716/30833/5631/1716/28992/790955/5164/1738/9551/2982/515/4191/1806/100/6470/522/168537/5166/3988/204/4700/93100/6390/3945/539/4830/5198/56848/1353/4706/84277/5091/2766/10632/3418/51144/4833/83594/114789/8050/79873/4521/5223/4190/80347/1633/4728/514/4708/9556/3094/10591/2987/79717/8654/4597/64834/10380/4860/4694/4724/10965/441024/10476/4723/2639/498/11332/7157/572/8564/84836/3704/10654/3251/4695/4711/25796/516/4698/84833/4712/54539/506/6392/65990/4718/3312/374291/7114/4722/6576/513/4713/51024/2023/6391/4702/51181/30968/4832/5901/509/6472/518/706/517/64223/353
GO:0009150,purine ribonucleotide metabolic process,305,-0.5489843075671453,-1.7934470040501587,1.3474052789125275e-10,2.210537248757082e-8,2.0098447782664263e-8,4018,"tags=38%, list=22%, signal=30%",54995/318/1969/4696/2618/55902/51079/1737/215/4598/126328/84188/471/226/4710/4720/29922/4594/79993/4709/254552/132/4725/4976/521/10005/55229/8694/9524/527/8802/5162/4716/30833/790955/5164/1738/9551/2982/515/100/522/168537/5166/3988/204/4700/6390/539/4830/5198/56848/1353/4706/84277/10632/51144/4833/114789/8050/79873/80347/4728/514/4708/9556/3094/2987/79717/8654/4597/64834/10380/4860/4694/4724/10965/10476/4723/2639/498/11332/572/84836/3704/10654/3251/4695/4711/516/4698/84833/4712/54539/506/6392/65990/4718/3312/374291/7114/4722/6576/513/4713/51024/2023/6391/4702/30968/4832/5901/509/518/706/517/353
GO:0009259,ribonucleotide metabolic process,323,-0.5432683968738163,-1.7758899894181737,2.382335850813206e-10,3.796762678810304e-8,3.452058384727226e-8,4018,"tags=38%, list=22%, signal=30%",54995/318/1969/4696/2618/55902/51079/1737/215/4598/126328/7378/84188/471/226/4710/4720/29922/4594/79993/4709/254552/132/4725/4976/521/10005/55229/8694/9524/527/8802/5162/4716/30833/790955/5164/1738/9551/2982/515/1806/100/522/168537/5166/3988/204/4700/51727/6390/539/4830/5198/56848/83549/1353/4706/84277/10632/51144/4833/114789/8050/79873/80347/1633/4728/514/4708/9556/3094/2987/79717/8654/4597/64834/10380/4860/4694/4724/10965/10476/4723/2639/498/11332/572/84836/3704/10654/3251/4695/4711/516/4698/84833/4712/54539/506/6392/65990/4718/3312/374291/7114/4722/6576/513/4713/51024/2023/6391/4702/30968/4832/5901/509/518/706/517/353
GO:0015986,proton motive force-driven ATP synthesis,66,-0.7515825683651568,-2.124781396911337,2.6164146666809666e-10,4.053989169651787e-8,3.6859315392014316e-8,2637,"tags=59%, list=15%, signal=51%",9551/515/522/4700/6390/539/4706/84277/10632/4728/514/4708/9556/4694/4724/10476/4723/498/4695/4711/516/4698/84833/4712/54539/506/6392/65990/4718/374291/4722/513/4713/6391/4702/30968/509/518/517
GO:0006754,ATP biosynthetic process,87,-0.6999543095306259,-2.057754318479188,2.9330708499103185e-10,4.4218024867026366e-8,4.020351452309507e-8,2988,"tags=54%, list=17%, signal=45%",527/4716/790955/9551/515/522/3988/4700/6390/539/56848/1353/4706/84277/10632/4728/514/4708/9556/4694/4724/10476/4723/498/4695/4711/516/4698/84833/4712/54539/506/6392/65990/4718/374291/7114/4722/513/4713/2023/6391/4702/30968/509/518/517
GO:0019693,ribose phosphate metabolic process,330,-0.5417433829937666,-1.7717535215576274,3.840425022561957e-10,5.6373396778554197e-8,5.125531235097925e-8,4018,"tags=38%, list=22%, signal=30%",54995/318/1969/4696/2618/55902/51079/1737/215/4598/126328/7378/84188/471/226/4710/4720/29922/4594/79993/4709/254552/132/4725/4976/521/10005/55229/8694/9524/527/8802/5162/4716/30833/5631/790955/5164/1738/9551/2982/515/1806/100/522/168537/5166/3988/204/4700/51727/6390/539/4830/5198/56848/83549/1353/4706/84277/10632/51144/4833/114789/8050/79873/80347/1633/4728/514/4708/9556/3094/2987/79717/8654/4597/64834/10380/4860/4694/4724/10965/10476/4723/2639/498/11332/256281/572/84836/3704/10654/3251/4695/4711/516/4698/84833/4712/54539/506/6392/65990/4718/3312/374291/7114/4722/6576/513/4713/51024/2023/6391/4702/30968/4832/5901/509/518/706/517/353
GO:0065004,protein-DNA complex assembly,202,-0.5925961565598449,-1.8866540305730601,4.279306348199882e-10,6.120505335963831e-8,5.564830765351425e-8,2852,"tags=38%, list=16%, signal=32%",546/8554/6598/5925/112950/8342/2491/387103/1060/54107/51003/81620/1063/2959/23421/9412/11144/333932/4674/10025/554313/8356/2958/9787/23270/9862/9735/90390/10629/55290/3005/8353/3018/8354/8344/8368/1062/3146/7157/3014/25842/8520/126961/83743/8343/4869/8345/8352/8363/8339/653604/201254/8365/8970/121504/8366/3009/8367/8348/8362/3006/8350/8358/3007/8346/8364/8971/8968/8360/8355/3008/8341/8357/8361/8359/8340/8294
GO:0072522,purine-containing compound biosynthetic process,227,-0.5819284696995716,-1.8690399232221322,5.677319782223061e-10,7.917022436310058e-8,7.198243871250187e-8,4011,"tags=46%, list=22%, signal=36%",318/4696/2618/55902/51079/1737/126328/84875/471/226/4710/4720/29922/55191/4594/79993/4709/132/4725/125061/521/8942/55229/9524/527/4846/5162/4716/5631/1716/790955/5164/1738/9551/2982/515/100/6470/522/5166/3988/204/4700/93100/6390/539/4830/5198/56848/1353/4706/84277/10632/51144/4833/83594/8050/80347/1633/4728/514/4708/9556/2987/79717/64834/4860/4694/4724/441024/10476/4723/2639/498/11332/8564/3251/4695/4711/516/4698/84833/4712/54539/506/6392/65990/4718/374291/7114/4722/6576/513/4713/2023/6391/4702/30968/4832/509/6472/518/517/353
GO:0006164,purine nucleotide biosynthetic process,218,-0.5812398834374048,-1.858849391178691,7.29083362562801e-10,9.919090235061717e-8,9.01854593280507e-8,4011,"tags=46%, list=22%, signal=37%",318/4696/2618/55902/51079/1737/126328/84875/471/226/4710/4720/29922/55191/4594/79993/4709/132/4725/125061/521/8942/55229/9524/527/4846/5162/4716/5631/1716/790955/5164/1738/9551/2982/515/100/522/5166/3988/204/4700/93100/6390/539/4830/5198/56848/1353/4706/84277/10632/51144/4833/83594/8050/80347/1633/4728/514/4708/9556/2987/79717/64834/4694/4724/441024/10476/4723/2639/498/11332/8564/3251/4695/4711/516/4698/84833/4712/54539/506/6392/65990/4718/374291/7114/4722/6576/513/4713/2023/6391/4702/30968/4832/509/518/517/353
GO:0009206,purine ribonucleoside triphosphate biosynthetic process,96,-0.6817046413830543,-2.021295393057741,7.792340044607449e-10,1.0348969706861987e-7,9.409397076420724e-8,2988,"tags=52%, list=17%, signal=44%",527/4716/790955/9551/515/522/3988/4700/6390/539/4830/56848/1353/4706/84277/10632/4833/4728/514/4708/9556/4694/4724/10476/4723/498/4695/4711/516/4698/84833/4712/54539/506/6392/65990/4718/374291/7114/4722/513/4713/2023/6391/4702/30968/4832/509/518/517
GO:0009142,nucleoside triphosphate biosynthetic process,110,-0.6638672128167782,-2.023332700620993,1.2706508660656605e-9,1.6483001234684312e-7,1.498652600417222e-7,2752,"tags=58%, list=15%, signal=50%",318/4696/51079/126328/226/4710/4720/29922/4709/132/4725/521/527/4716/790955/9551/515/522/3988/4700/6390/539/4830/56848/83549/1353/4706/84277/10632/4833/4728/514/4708/9556/9519/4694/4724/10476/4723/498/4695/4711/516/4698/84833/4712/54539/506/6392/65990/4718/374291/7114/4722/513/4713/2023/6391/4702/30968/4832/509/518/517
GO:0009145,purine nucleoside triphosphate biosynthetic process,97,-0.6778951273094582,-2.0177242093932803,1.4264695238462776e-9,1.8083743190942129e-7,1.644193819591236e-7,4011,"tags=64%, list=22%, signal=50%",318/4696/51079/126328/226/4710/4720/29922/4709/132/4725/521/527/4716/790955/9551/515/522/3988/4700/6390/539/4830/56848/1353/4706/84277/10632/4833/4728/514/4708/9556/4694/4724/10476/4723/498/4695/4711/516/4698/84833/4712/54539/506/6392/65990/4718/374291/7114/4722/513/4713/2023/6391/4702/30968/4832/509/518/517
GO:0009201,ribonucleoside triphosphate biosynthetic process,102,-0.6745464164164839,-2.0314495321268176,1.6349111521394899e-9,2.0265632014742387e-7,1.842573551112997e-7,2752,"tags=50%, list=15%, signal=43%",527/4716/790955/9551/515/522/3988/4700/6390/539/4830/56848/83549/1353/4706/84277/10632/4833/4728/514/4708/9556/4694/4724/10476/4723/498/4695/4711/516/4698/84833/4712/54539/506/6392/65990/4718/374291/7114/4722/513/4713/2023/6391/4702/30968/4832/509/518/517
GO:0061844,antimicrobial humoral immune response mediated by antimicrobial peptide,44,-0.7938388836229109,-2.131554697308132,1.8716123594263896e-9,2.269533421930522e-7,2.0634847477611775e-7,1901,"tags=41%, list=11%, signal=37%",6374/140823/60343/8344/6039/5196/8343/8339/2597/6223/2197/6156/8970/5197/85236/8346/6170/5473
GO:0042255,ribosome assembly,62,-0.7470217711666308,-2.099574756425914,2.291934908468398e-9,2.720087855199303e-7,2.4731337937291693e-7,2602,"tags=65%, list=14%, signal=55%",7520/6128/55052/84154/6232/51335/84273/57647/51154/22907/54475/54505/22868/84769/29997/388524/27341/84231/83939/55299/51081/6169/1964/4869/51116/6152/6223/6147/23246/6209/3921/26284/6175/3692/220717/29777/6193/6134/55794/6208
GO:0009152,purine ribonucleotide biosynthetic process,185,-0.585892075387015,-1.8512609646124014,2.350809295856047e-9,2.7318363025593815e-7,2.4838156112794814e-7,4011,"tags=48%, list=22%, signal=37%",318/4696/2618/55902/51079/1737/126328/471/226/4710/4720/29922/4594/79993/4709/132/4725/521/55229/9524/527/5162/4716/790955/5164/1738/9551/2982/515/100/522/5166/3988/204/4700/6390/539/4830/5198/56848/1353/4706/84277/10632/51144/4833/8050/80347/4728/514/4708/9556/79717/64834/4694/4724/10476/4723/2639/498/11332/3251/4695/4711/516/4698/84833/4712/54539/506/6392/65990/4718/374291/7114/4722/6576/513/4713/2023/6391/4702/30968/4832/509/518/517/353
GO:0046390,ribose phosphate biosynthetic process,205,-0.5744502268643034,-1.8287556463880683,5.199932926731322e-9,5.919433850062717e-7,5.382014358967026e-7,4011,"tags=45%, list=22%, signal=36%",318/4696/2618/55902/51079/1737/126328/7378/471/226/4710/4720/29922/4594/79993/4709/132/4725/521/55229/9524/527/5162/4716/5631/790955/5164/1738/9551/2982/515/100/522/5166/3988/204/4700/51727/6390/539/4830/5198/56848/83549/1353/4706/84277/10632/51144/4833/8050/80347/1633/4728/514/4708/9556/79717/64834/4694/4724/10476/4723/2639/498/11332/3251/4695/4711/516/4698/84833/4712/54539/506/6392/65990/4718/374291/7114/4722/6576/513/4713/2023/6391/4702/30968/4832/509/518/517/353
GO:0042776,proton motive force-driven mitochondrial ATP synthesis,57,-0.7524103153967819,-2.0791368231654217,5.457863995178506e-9,6.088793073021141e-7,5.535997627109482e-7,2637,"tags=75%, list=15%, signal=65%",4696/51079/126328/4710/4720/4709/4725/521/4716/9551/515/522/4700/6390/539/4706/84277/10632/4728/514/4708/4694/4724/10476/4723/498/4695/4711/4698/4712/54539/506/6392/65990/4718/374291/4722/513/4713/6391/4702/30968/509
GO:0009260,ribonucleotide biosynthetic process,199,-0.5794836809582384,-1.8416083565106796,8.12410054837381e-9,8.885535854672375e-7,8.078826923026834e-7,4011,"tags=46%, list=22%, signal=36%",318/4696/2618/55902/51079/1737/126328/7378/471/226/4710/4720/29922/4594/79993/4709/132/4725/521/55229/9524/527/5162/4716/790955/5164/1738/9551/2982/515/100/522/5166/3988/204/4700/51727/6390/539/4830/5198/56848/83549/1353/4706/84277/10632/51144/4833/8050/80347/1633/4728/514/4708/9556/79717/64834/4694/4724/10476/4723/2639/498/11332/3251/4695/4711/516/4698/84833/4712/54539/506/6392/65990/4718/374291/7114/4722/6576/513/4713/2023/6391/4702/30968/4832/509/518/517/353
GO:0042273,ribosomal large subunit biogenesis,75,-0.7101539200890381,-2.050470924703833,1.048517545235587e-8,1.1247367052546355e-6,1.0226229823775422e-6,3257,"tags=55%, list=18%, signal=45%",6128/55052/84154/55153/55319/9045/115416/84549/51121/51154/80135/84365/22907/26155/54475/54663/22868/29997/9326/55003/84231/10412/6130/55299/6129/6169/6165/23481/4869/4736/4809/6152/51187/6147/23246/11224/6175/3692/220717/6134/55794
GO:0034502,protein localization to chromosome,114,-0.6382295048784749,-1.957376758141602,1.7314094372064667e-8,1.8222267624033342e-6,1.656788613398363e-6,2918,"tags=40%, list=16%, signal=34%",701/546/4796/6117/5925/84250/79035/112869/27085/10694/554313/10575/55055/65057/7443/9735/51548/10576/7518/10574/55135/983/8368/675/7203/55166/8363/25913/8335/57082/8365/8970/121504/8366/7272/3009/8367/8362/8364/10856/8360/8361/3012/8359/200558/8294
GO:0022618,protein-RNA complex assembly,215,-0.5622354001873304,-1.7939987128825983,1.880006034783103e-8,1.941976604077805e-6,1.7656664864688093e-6,3325,"tags=42%, list=18%, signal=35%",23451/7520/54496/10728/6128/10419/11052/100151683/55052/84154/105378616/83640/11218/51634/6060/6232/6632/79833/6431/26828/26835/26834/58155/10421/3320/51154/6631/26824/8664/25804/1207/1653/22907/6629/54475/54505/22868/29997/101447996/9326/388524/101954267/11051/26831/6637/27341/84231/51386/6628/8666/50628/3646/26832/26864/55299/51081/51639/6635/56949/6169/27339/55011/55702/84844/57819/25980/6895/10078/10480/4809/6152/6223/6147/6633/23246/6209/3921/26284/6175/3692/23521/27335/220717/83443/29777/10856/22827/6193/6134/55794/6208
GO:0061644,protein localization to CENP-A containing chromatin,18,-0.912173770680445,-2.082095907129256,2.3173437284562163e-8,2.3502078758779592e-6,2.1368348485554167e-6,925,"tags=83%, list=5%, signal=79%",8368/8363/8335/8365/8970/121504/8366/8367/8362/8364/8360/8361/3012/8359/8294
GO:0071826,protein-RNA complex organization,223,-0.5530770726493737,-1.7730290370916797,3.309473842503782e-8,3.2964723381225173e-6,2.997188904733688e-6,3325,"tags=41%, list=18%, signal=34%",7520/54496/10728/6128/10419/11052/100151683/55052/3799/84154/105378616/83640/11218/51634/6060/6232/6632/79833/6431/26828/26835/26834/58155/10421/3320/51154/6631/26824/8664/25804/1207/1653/22907/6629/54475/54505/22868/29997/101447996/9326/388524/101954267/11051/26831/6637/27341/84231/51386/6628/8666/50628/3646/26832/26864/55299/51081/51639/6635/56949/6169/79752/27339/55011/55702/84844/57819/25980/6895/10078/10480/4809/6152/6223/6147/6633/23246/6209/3921/26284/6175/3692/23521/27335/220717/83443/29777/10856/22827/6193/6134/55794/6208
GO:0009451,RNA modification,173,-0.5857463800601188,-1.83984825169975,3.579252026601134e-8,3.502643474452829e-6,3.1846419693747486e-6,3272,"tags=38%, list=18%, signal=31%",221078/6741/144233/83640/25962/55783/29890/27350/6301/56257/140564/55505/6632/196074/60487/26995/84705/79922/126789/285367/90353/54859/51091/55178/84520/112970/8731/84881/93587/29081/63935/83448/54890/55039/348180/51574/51093/56986/6637/54931/81890/6628/23587/9836/24140/55152/27037/27079/6635/26610/55695/115939/11180/55621/113000/64118/142940/2091/9530/56931/81605/6633/115708/51504/3028
GO:0006399,tRNA metabolic process,196,-0.5646022010057117,-1.7917588534801225,4.750573014864716e-8,4.568740737399204e-6,4.153949325883521e-6,4333,"tags=40%, list=24%, signal=31%",10978/83480/10799/60528/285381/113179/5393/112858/83707/207/51002/57505/4677/25973/16/3735/4234/221078/51367/6741/144233/5435/6301/283989/60487/26995/84705/126789/10556/92935/51637/90353/283742/54859/10667/5188/51091/9328/84520/1653/112970/84881/93587/51493/55039/57470/55520/348180/56986/80222/54931/81890/5917/10775/23587/9836/24140/55152/27037/26610/54913/84186/11180/55621/7407/64118/142940/8270/10248/56931/81605/5859/115708/138716/51504/2193/3028/5441
GO:0045652,regulation of megakaryocyte differentiation,36,-0.7919567313224088,-2.0453564964619853,6.088595030169928e-8,5.7563022166589584e-6,5.233693283739288e-6,925,"tags=56%, list=5%, signal=53%",554313/4208/2551/8368/55170/5196/10519/8363/8365/121504/8366/3692/8367/8362/8364/8360/8361/8359/8294/3276
GO:0019730,antimicrobial humoral response,69,-0.6982523373860029,-1.9793120339543826,1.0536990871073226e-7,9.795889179807743e-6,8.906530178391368e-6,2114,"tags=29%, list=12%, signal=26%",55012/6374/140823/3105/60343/8344/6039/5196/8343/8339/2597/6223/2197/6156/8970/5197/85236/8346/6170/5473
GO:0033108,mitochondrial respiratory chain complex assembly,95,-0.6537040670411471,-1.9382646337003955,1.1587828635432238e-7,1.0596214447285414e-5,9.634194713634603e-6,3976,"tags=57%, list=22%, signal=45%",4696/51079/126328/647087/4710/4720/4709/4725/7019/728568/5018/54949/4716/25880/790955/84300/79072/4700/51204/4706/10063/57001/389203/4728/4708/4694/4724/84987/51287/284184/7386/55863/55101/79064/283951/29078/6834/4695/51295/115209/4711/84233/4698/4712/54539/4718/374291/4722/4713/90871/4702/25915/28958/644096
GO:0007006,mitochondrial membrane organization,109,-0.6304802668096744,-1.916820907669809,1.2746390251102556e-7,1.1467639487201622e-5,1.0426503943940935e-5,3208,"tags=39%, list=18%, signal=32%",7755/5018/90580/91137/79568/1267/23788/790955/5599/27069/578/8870/3320/203245/29928/23787/27113/140823/598/400916/292/581/1386/282991/26519/26520/10651/8834/10452/7157/572/26521/284114/115209/79594/56993/92609/125988/84266/54543/26517/293
GO:0045653,negative regulation of megakaryocyte differentiation,19,-0.8911230668444982,-2.052473226623405,1.9689541562035146e-7,1.743305759254477e-5,1.585032769354809e-5,925,"tags=79%, list=5%, signal=75%",8368/5196/10519/8363/8365/121504/8366/8367/8362/8364/8360/8361/8359/8294/3276
GO:0071168,protein localization to chromatin,56,-0.7148758713848131,-1.9730954911773728,4.586508630101473e-7,3.997428927922815e-5,3.6345063453665945e-5,925,"tags=32%, list=5%, signal=31%",8368/8363/8335/8365/8970/121504/8366/3009/8367/8362/8364/10856/8360/8361/3012/8359/200558/8294
GO:0071459,"protein localization to chromosome, centromeric region",40,-0.7526792687996372,-1.982022568280143,5.399512324963249e-7,4.6336122690223085e-5,4.212931235898451e-5,985,"tags=57%, list=5%, signal=54%",27085/554313/55055/9735/983/8368/55166/8363/8335/57082/8365/8970/121504/8366/7272/8367/8362/8364/8360/8361/3012/8359/8294
GO:0006839,mitochondrial transport,174,-0.5597268365444296,-1.760083574764474,7.709772069634821e-7,6.515925546124702e-5,5.9243511692983356e-5,3208,"tags=32%, list=18%, signal=27%",7755/5018/728489/8314/90580/91137/79568/1267/23788/23203/5599/131118/578/8870/3320/203245/29928/10055/27429/59286/56947/23787/27113/788/140823/598/400916/292/581/1386/282991/26519/26520/10651/10245/10452/7157/572/26521/284114/55737/55823/79594/9530/10456/56993/92609/51024/51522/84266/54543/26517/9049/293/10134/706
GO:0008033,tRNA processing,133,-0.5938466938052712,-1.83855111624204,9.443399045128411e-7,7.861982070705414e-5,7.148200565503328e-5,4333,"tags=47%, list=24%, signal=36%",10978/83480/10799/60528/285381/113179/112858/83707/207/51002/16/3735/4234/221078/51367/6741/144233/6301/283989/60487/26995/84705/126789/10556/51637/90353/283742/54859/10667/51091/84520/1653/112970/84881/93587/51493/55039/55520/348180/56986/54931/81890/10775/23587/9836/24140/55152/27037/26610/54913/11180/55621/64118/142940/8270/10248/56931/81605/115708/138716/51504/3028
GO:0006959,humoral immune response,151,-0.5770617029893083,-1.7899047070636598,1.5318538279446817e-6,1.2565706841581522e-4,1.142487885919114e-4,1901,"tags=21%, list=11%, signal=19%",6374/4208/975/140823/3105/2208/3574/60343/5699/648/8344/2821/6039/5196/712/5133/8343/1675/8339/2597/1880/6223/2197/6156/8970/5197/5245/85236/8346/6170/5473
GO:0072594,establishment of protein localization to organelle,412,-0.4686186573359704,-1.5455372010526647,2.219526850379232e-6,1.7942783726688922e-4,1.6313776300727904e-4,3345,"tags=31%, list=18%, signal=26%",8766/5569/3843/3458/10628/5289/57122/5018/8841/728489/9670/1191/8314/90580/28972/3839/79568/129401/23788/10204/4000/10527/23203/4734/10952/24141/5599/131118/5195/3320/79035/112869/29928/54469/10694/10055/58477/27429/10575/1434/59286/284/64901/29927/8692/54832/23230/56947/84315/51762/3842/84455/23787/5824/65057/137492/11142/27113/8504/51569/140823/53371/1408/1894/6449/10890/51548/6731/3728/51194/10576/948/51501/93343/581/1386/10574/5192/26519/51172/26262/26520/55135/10651/10245/8878/983/10452/3841/23480/7157/64089/1026/26521/7341/675/23471/80149/7203/51160/55823/25913/9349/9530/11331/9409/3312/7095/10456/56993/92609/10155/6726/439/8266/51024/3009/84313/26953/54543/26517/5901/9049/10856/10134/706/6029
GO:0032200,telomere organization,179,-0.5428523370735178,-1.7111416651464255,2.5774589348750437e-6,2.053866562676142e-4,1.8673980674027008e-4,2908,"tags=35%, list=16%, signal=29%",51377/55505/546/6119/6117/64858/3183/84250/86/4609/3320/79035/26272/5111/10694/554313/8356/10575/56160/1763/65057/55183/54537/51548/2237/10576/10574/2067/8353/112441434/55135/2547/8354/328/8368/9894/8520/675/140609/7203/8352/8363/25913/10459/197370/10445/8365/121504/8366/8367/8362/8350/8358/8364/10856/8968/8360/8355/8357/8361/8359/8294
GO:0002227,innate immune response in mucosa,19,-0.8643455702944279,-1.9907981373008543,3.526474522479487e-6,2.770517589632476e-4,2.5189850629067705e-4,930,"tags=42%, list=5%, signal=40%",8344/8343/8339/2197/8970/85236/8346/6170
GO:0006605,protein targeting,305,-0.48562426449990437,-1.5864595221692963,4.1818990270132685e-6,3.2398101073166684e-4,2.9456709813084685e-4,3075,"tags=29%, list=17%, signal=25%",253832/728489/4641/1191/2064/8314/90580/28972/23788/23203/4734/29800/6293/9847/10952/51763/4666/131118/5195/3320/9454/29928/54469/10055/55914/58477/27429/59286/29927/54832/23230/3265/56947/1020/84315/51762/6745/10300/23787/5824/137492/8504/140823/53371/84885/6449/6731/125170/10755/5192/26519/51172/26520/10651/10245/8878/10452/340481/23480/64089/23204/10519/26521/7531/6746/23471/51201/84100/55823/55146/9530/9409/3312/7095/10456/56993/90522/92609/6726/439/8266/51024/54543/26517/9049/738/10134/706/6029
GO:1990748,cellular detoxification,88,-0.6199009947555219,-1.827281794482322,4.391574710736085e-6,3.3556443474638196e-4,3.0509887464061217e-4,1659,"tags=31%, list=9%, signal=28%",9588/64116/4257/3045/4258/10516/84817/948/25824/29914/1193/6647/11315/10935/51714/10549/5052/128/10327/9446/7001/2879/6415/2950/2098/9403/2876
GO:0030219,megakaryocyte differentiation,62,-0.673915098844841,-1.894101596663221,4.955241887894567e-6,3.735180979821067e-4,3.396067626724897e-4,925,"tags=27%, list=5%, signal=26%",8368/55170/5196/10519/8363/8365/121504/8366/3692/8367/8362/8364/8360/8361/8359/8294/3276
GO:2001242,regulation of intrinsic apoptotic signaling pathway,157,-0.5479744115327172,-1.7060561492108997,5.651138164788222e-6,4.2029398244251603e-4,3.821359112694688e-4,4044,"tags=37%, list=22%, signal=29%",972/55031/54700/51079/6498/207/9958/4976/5831/6714/29979/79915/5598/9368/22954/10525/7466/1191/51657/3315/57007/4609/10131/64844/51499/57805/27429/10399/79156/26155/10488/27113/598/7471/7494/9774/3932/7314/581/54929/10961/6647/11315/7178/29108/7157/572/219790/5034/6188/6201/1984/5478/4722/51024/2023/10134/2876
GO:0010257,NADH dehydrogenase complex assembly,55,-0.6792333624713447,-1.867316895571864,6.802626903960553e-6,4.803171249404046e-4,4.3670961256871344e-4,1530,"tags=62%, list=8%, signal=57%",4696/51079/126328/4710/4720/4709/4725/5018/4716/25880/4700/4706/4728/4708/4694/4724/284184/55863/55101/29078/4695/51295/4711/84233/4698/4712/54539/4718/374291/4722/4713/90871/4702/25915
GO:0032981,mitochondrial respiratory chain complex I assembly,55,-0.6792333624713447,-1.867316895571864,6.802626903960553e-6,4.803171249404046e-4,4.3670961256871344e-4,1530,"tags=62%, list=8%, signal=57%",4696/51079/126328/4710/4720/4709/4725/5018/4716/25880/4700/4706/4728/4708/4694/4724/284184/55863/55101/29078/4695/51295/4711/84233/4698/4712/54539/4718/374291/4722/4713/90871/4702/25915
GO:0097237,cellular response to toxic substance,94,-0.6168334672680211,-1.827609088899609,6.7639736465683035e-6,4.803171249404046e-4,4.3670961256871344e-4,1659,"tags=30%, list=9%, signal=27%",9588/64116/4257/3045/4258/2671/10516/84817/948/25824/29914/1193/6647/11315/10935/51714/10549/5052/128/10327/9446/7001/2879/6415/2950/2098/9403/2876
GO:0006457,protein folding,192,-0.526792060416585,-1.670714567904214,6.7025655410660654e-6,4.803171249404046e-4,4.3670961256871344e-4,3293,"tags=35%, list=18%, signal=29%",2896/9093/10728/100885848/55664/5768/11080/3337/9360/10525/81572/7466/728489/1191/10808/1861/26973/3315/6902/23386/9601/3336/131118/6388/10131/26278/3320/10450/10694/10575/3338/81611/2281/7841/81562/51645/5824/79982/5201/10576/2288/10574/811/10961/402/5479/6903/23770/55898/5203/5034/1155/23753/10549/7203/53938/7411/6782/9530/3312/5478/9526/23640/9049/10856/9403/200558
GO:0010498,proteasomal protein catabolic process,491,-0.44417193350627937,-1.4691276053062783,7.24227199648003e-6,5.049674149545701e-4,4.591219273557998e-4,3770,"tags=33%, list=21%, signal=27%",7917/201595/80176/10116/122416/5710/25898/51343/5696/54467/57761/79016/5683/54442/150684/22836/51676/51514/51528/11236/29979/378884/84727/254170/26270/23190/8065/7321/26233/154214/122809/54620/3093/5706/7466/2629/29882/1191/10193/1861/5698/57414/51377/5688/55284/5689/8554/25879/9867/5716/7337/11146/7514/10869/84861/79654/26232/80311/10952/51283/55658/10393/79791/149603/267/25852/57092/91319/11253/64844/84640/79718/9604/57805/26272/116988/5719/10973/5708/55336/9306/92305/369/5685/997/55432/27338/10399/5686/25906/83590/5701/1855/329/29997/26046/9618/6449/5704/93611/51548/7494/10755/996/7314/10524/10213/122773/4669/84236/811/51035/5192/55757/51185/258010/26224/5699/23376/4189/55101/5709/550/9928/11315/223082/5714/9817/10273/5693/5682/7334/5691/5702/9978/1642/27339/7341/25847/160418/81858/23753/1050/54461/6613/51529/5694/80700/11047/116138/5692/8078/79734/6048/23640/79176/10134/6923/6451/2876
GO:0006749,glutathione metabolic process,38,-0.7223911071218234,-1.8891209822725847,8.10545802309938e-6,5.513688396688823e-4,5.013106130332839e-4,1545,"tags=29%, list=9%, signal=27%",4258/3029/6647/11315/9446/2739/2879/23474/2950/10550/2876
GO:0001510,RNA methylation,91,-0.60631716828211,-1.7955299388200034,8.066202727863492e-6,5.513688396688823e-4,5.013106130332839e-4,3272,"tags=42%, list=18%, signal=34%",64783/4234/221078/144233/83640/25962/55783/29890/56257/6632/196074/60487/84705/79922/55178/8731/93587/29081/63935/55039/51574/51093/6637/54931/6628/9836/24140/55152/27037/6635/55695/11180/55621/2091/6633/115708/51504/3028
GO:0030490,maturation of SSU-rRNA,53,-0.6865709082987328,-1.8839047635403703,8.672139946351341e-6,5.828095978403346e-4,5.298968961511827e-4,1772,"tags=32%, list=10%, signal=29%",9277/55781/2068/6202/25926/28987/84916/115939/4809/6223/92856/10607/29777/6227/6217/55272/6208
GO:0090150,establishment of protein localization to membrane,248,-0.4942410285388247,-1.5948454458903127,1.0153334031432642e-5,6.742297288968008e-4,6.130170847549181e-4,3231,"tags=31%, list=18%, signal=26%",2039/1445/5018/253832/4641/2064/90580/79568/23788/3875/29800/9847/10952/51763/5599/4666/3320/84896/29928/58477/10328/25945/29927/10399/3265/56947/1020/9694/51762/6745/23787/5824/137492/27113/8504/140823/84885/10139/6449/10890/6731/125170/581/10791/26519/26520/10651/55831/56851/10452/340481/23480/8548/23204/10519/26521/55737/6746/23471/51201/84100/54499/55146/284361/9409/7095/56993/90522/6726/439/8266/25837/51024/54543/26517/10430/83871/6029
GO:0006120,"mitochondrial electron transport, NADH to ubiquinone",42,-0.7189820519067266,-1.918256355112402,1.4596891521679584e-5,9.57899540093279e-4,8.709327969220091e-4,3702,"tags=57%, list=20%, signal=46%",4710/4720/4709/4725/4716/1738/4700/4706/4728/4708/4694/4724/4723/11315/4695/4711/4698/4712/4718/374291/4722/4713/4702/4697
GO:0045638,negative regulation of myeloid cell differentiation,81,-0.6288648408853081,-1.835733144077438,1.5963903767297226e-5,0.0010354262234184178,9.414209100469771e-4,1705,"tags=23%, list=9%, signal=21%",2551/56834/10272/8368/5196/10519/8363/29909/8365/121504/8366/8367/8362/8364/8360/8361/8359/8294/3276
GO:0051881,regulation of mitochondrial membrane potential,64,-0.6554189155821218,-1.848045292941814,1.971290016036656e-5,0.0012638914608566053,0.0011491440166079383,2442,"tags=33%, list=13%, signal=28%",578/3988/55012/10399/8115/1192/598/7314/581/55186/27166/11334/6647/11315/205251/572/10935/27068/79594/706/10550
GO:0006400,tRNA modification,94,-0.6017844644721915,-1.7830205642037154,2.2355876143086675e-5,0.0014170576946151985,0.00128840444087789,3272,"tags=36%, list=18%, signal=30%",221078/6741/144233/6301/60487/84705/126789/90353/54859/51091/84520/112970/84881/93587/55039/348180/56986/54931/81890/23587/9836/24140/55152/27037/26610/11180/55621/64118/142940/56931/81605/115708/51504/3028
GO:0051205,protein insertion into membrane,70,-0.6378320803837495,-1.8203584815852836,2.6184330948222195e-5,0.0016410808767323977,0.0014920887818868662,2972,"tags=43%, list=16%, signal=36%",90580/79568/23788/5599/3320/29928/10328/29927/9694/23787/27113/140823/6449/581/26519/26520/10651/55831/56851/10452/26521/23471/54499/284361/56993/439/8266/54543/26517/10430
GO:0008637,apoptotic mitochondrial changes,95,-0.5965471347031526,-1.768791524831749,2.920710876298217e-5,0.001810191696443495,0.00164584619906489,2996,"tags=31%, list=17%, signal=26%",1191/5716/4000/5599/27069/578/8870/203245/51499/57805/56947/27113/598/400916/292/581/1386/282991/27166/29108/7157/572/284114/55737/79594/92609/51024/293/2876
GO:0043161,proteasome-mediated ubiquitin-dependent protein catabolic process,430,-0.44374917414036213,-1.4636540147963841,3.2830231244782684e-5,0.0020123849437736025,0.001829682523277767,3770,"tags=33%, list=21%, signal=27%",7917/201595/80176/10116/122416/5710/25898/51343/54467/57761/79016/5683/54442/150684/22836/51676/51514/51528/29979/378884/84727/254170/26270/23190/8065/7321/26233/154214/122809/54620/3093/5706/7466/2629/29882/1191/57414/51377/5688/55284/5689/8554/25879/9867/5716/7337/11146/7514/10869/84861/79654/26232/80311/10952/51283/55658/10393/79791/149603/267/25852/57092/91319/11253/84640/79718/9604/57805/26272/116988/5719/10973/5708/55336/92305/369/5685/997/55432/27338/10399/5686/25906/83590/5701/1855/329/29997/26046/9618/6449/5704/93611/51548/10755/996/10524/10213/122773/4669/811/51035/5192/51185/258010/26224/23376/4189/55101/5709/550/9928/11315/223082/5714/9817/10273/5693/5682/7334/5691/5702/9978/1642/7341/25847/81858/1050/54461/6613/51529/5694/11047/116138/5692/8078/79734/6048/23640/79176/10134/6923/6451
GO:0002385,mucosal immune response,25,-0.7722783508790241,-1.867728662245421,3.9960953949521796e-5,0.0024228500122873108,0.0022028818779038445,930,"tags=32%, list=5%, signal=30%",8344/8343/8339/2197/8970/85236/8346/6170
GO:0044283,small molecule biosynthetic process,465,-0.43351796522490516,-1.43101926812822,4.762648858422503e-5,0.0028565650894925502,0.0025972203961380437,3671,"tags=28%, list=20%, signal=23%",10062/10558/54529/5352/57223/4485/51141/57761/79993/132/4942/3638/5831/51477/5832/10005/586/3458/79178/10728/6309/64801/2648/37/22928/4552/8942/55163/5723/2629/9524/2224/84274/113675/2203/6697/3155/435/5631/8985/5164/7083/55256/4191/2805/1806/100/6470/50814/5166/3988/80271/2806/171546/6342/6307/10464/8402/56848/5321/2232/873/1717/7108/4706/2542/23262/5091/2593/587/301/51144/7376/7923/57001/5223/4190/80142/4258/51548/7494/29920/4597/64834/3953/8560/1593/8877/5106/4860/225/10682/441024/5592/50640/29914/5230/6647/11315/11332/29108/65263/2821/26227/3612/8564/113189/10654/3251/1642/60386/92579/2222/230/127281/6576/7167/10327/231/2023/2879/3692/10994/2950/6472/60496/3028/353
GO:0098869,cellular oxidant detoxification,72,-0.6212363083440217,-1.783049033510031,5.562933261770802e-5,0.0033010682695912273,0.0030013675761715254,1659,"tags=31%, list=9%, signal=28%",4257/3045/4258/10516/84817/948/25824/29914/1193/6647/11315/10935/51714/10549/5052/9446/7001/2879/6415/2950/9403/2876
GO:0051204,protein insertion into mitochondrial membrane,34,-0.7222080878083678,-1.8521889528093,7.376284179934848e-5,0.004331043490071219,0.003937832374396244,2972,"tags=53%, list=16%, signal=44%",90580/79568/23788/5599/3320/29928/23787/27113/140823/581/26519/26520/10651/10452/26521/56993/54543/26517
GO:0019731,antibacterial humoral response,40,-0.6825527608145499,-1.7973591568874208,7.904413531883854e-5,0.004592793612588348,0.004175818464541273,930,"tags=45%, list=5%, signal=43%",3503/28912/3493/3507/3494/3497/3512/1991/3105/8344/6039/8343/8339/2197/8970/85236/8346/6170
GO:0072655,establishment of protein localization to mitochondrion,120,-0.5506837083261374,-1.6944774489595051,8.357325070977268e-5,0.004805892705764042,0.004369570503740474,3027,"tags=29%, list=17%, signal=24%",728489/8314/90580/79568/23788/23203/5599/131118/3320/29928/10055/27429/59286/56947/23787/27113/140823/581/26519/26520/10651/10245/10452/26521/55823/9530/10456/56993/92609/51024/54543/26517/9049/10134/706
GO:0000027,ribosomal large subunit assembly,25,-0.758735879085968,-1.8349766594257755,8.826846147435104e-5,0.004973348263676062,0.004521822938686053,2273,"tags=76%, list=13%, signal=67%",6125/6128/55052/84154/51154/22907/54475/22868/29997/84231/55299/6169/6152/6147/23246/6175/220717/6134/55794
GO:0006413,translational initiation,115,-0.5522780893083988,-1.693681087040082,8.819823262777971e-5,0.004973348263676062,0.004521822938686053,2415,"tags=25%, list=13%, signal=22%",10605/1974/1965/8664/1653/54505/9689/6199/51386/83939/6218/8666/6189/3646/1977/57409/1964/4869/6059/6188/10480/5499/1978/3692/23521/27335/6193/5436/6451
GO:0090151,establishment of protein localization to mitochondrial membrane,37,-0.7086915921711888,-1.8500010880137285,9.72405248992249e-5,0.005424076478878765,0.004931629989099637,3180,"tags=51%, list=18%, signal=42%",5018/90580/79568/23788/5599/3320/29928/23787/27113/140823/581/26519/26520/10651/10452/26521/56993/54543/26517
GO:0006487,protein N-linked glycosylation,59,-0.635563368011349,-1.7665609775944078,9.898789003261936e-5,0.0054668757485341665,0.00497054355578072,1371,"tags=34%, list=8%, signal=31%",91319/64116/7841/5372/55757/57171/4245/256281/3703/6184/85365/144245/1650/56052/1603/9526/746/22845/58505/100128731
GO:0000028,ribosomal small subunit assembly,19,-0.811919916168915,-1.8700491010741769,1.1223418342662949e-4,0.006137669364252346,0.00558043648864294,1372,"tags=58%, list=8%, signal=54%",388524/27341/51081/6169/6223/6209/3921/26284/29777/6193/6208
GO:0032239,regulation of nucleobase-containing compound transport,15,0.8117286608733894,2.0104680383551656,1.2424903136867203e-4,0.006600581875947168,0.006001321635431197,1976,"tags=67%, list=11%, signal=59%",8737/65125/6830/55677/55051/9972/29072/22916/54888/10657
GO:0035194,regulatory ncRNA-mediated post-transcriptional gene silencing,104,0.4617618457942938,1.7477334876668578,1.2367772752550684e-4,0.006600581875947168,0.006001321635431197,2647,"tags=30%, list=15%, signal=26%",23112/4204/55421/8737/57690/27327/10658/27161/440823/192669/192670/693189/23019/100126327/26523/10984/5936/54487/6774/57472/22916/100423036/56478/693225/693158/9698/693175/100422981/9337/283131/6780
GO:0010821,regulation of mitochondrion organization,138,-0.5352415949796264,-1.6559937301655787,1.2202332242732064e-4,0.006600581875947168,0.006001321635431197,3208,"tags=31%, list=18%, signal=26%",7755/64423/192111/1191/10193/23400/5716/23788/4000/10463/5599/27069/578/8870/51499/27429/54832/56947/27113/598/125170/400916/292/581/27166/8878/11315/29108/55170/23770/7157/572/284114/55737/115209/79594/2021/10456/51024/10493/293/706/2876
GO:0006612,protein targeting to membrane,113,-0.5454763108954542,-1.6698372495694829,1.2999260822368834e-4,0.006840554421431449,0.0062195073130261215,2627,"tags=35%, list=15%, signal=30%",253832/4641/2064/29800/9847/10952/51763/4666/58477/29927/3265/56947/1020/51762/6745/5824/137492/8504/84885/6449/6731/125170/340481/23480/23204/10519/6746/23471/51201/84100/55146/9409/7095/90522/6726/439/8266/51024/6029
GO:0006626,protein targeting to mitochondrion,102,-0.564864783620977,-1.7011346772810583,1.3559421433274692e-4,0.007068640444374414,0.006426885633597389,3027,"tags=30%, list=17%, signal=25%",728489/8314/90580/23788/23203/131118/3320/29928/10055/27429/59286/56947/23787/140823/26519/26520/10651/10245/10452/26521/55823/9530/10456/56993/92609/51024/54543/26517/9049/10134/706
GO:0070585,protein localization to mitochondrion,126,-0.5411401784861674,-1.6690353653801002,1.4200695371793877e-4,0.007334396183691318,0.006668513674590925,3027,"tags=29%, list=17%, signal=24%",728489/8314/90580/79568/23788/23203/5599/131118/3320/29928/10055/27429/59286/56947/23787/27113/140823/581/26519/26520/10651/10245/10452/23770/26521/55823/9530/10456/56993/92609/51024/54543/26517/9049/10134/706
GO:2001243,negative regulation of intrinsic apoptotic signaling pathway,93,-0.5647624698560793,-1.6725334514861885,1.6268677315152007e-4,0.008249698369447082,0.007500716488459558,4131,"tags=39%, list=23%, signal=30%",63979/972/55031/54700/51079/207/4976/5831/6714/79915/5598/22954/10525/7466/1191/3315/57007/10131/64844/51499/57805/27429/10399/26155/10488/598/7471/7494/54929/11315/7178/219790/5478/4722/2023/2876
GO:0098754,detoxification,105,-0.5522938712884885,-1.66854729923817,1.619224280802224e-4,0.008249698369447082,0.007500716488459558,1659,"tags=25%, list=9%, signal=23%",4257/3045/4258/10516/84817/948/25824/4501/29914/1193/6647/11315/10935/51714/10549/5052/128/10327/9446/7001/2879/6415/2950/2098/9403/2876
GO:0006081,cellular aldehyde metabolic process,49,-0.6592377711368903,-1.793207995720162,1.9035842279353018e-4,0.009565939480561364,0.00869745738282815,1886,"tags=33%, list=10%, signal=29%",10901/9380/55163/7086/221/26007/3418/3029/11315/128/223/7167/10327/2739/2098/8574
GO:0140694,non-membrane-bounded organelle assembly,355,-0.4359664087388999,-1.428206913153067,2.049528108463567e-4,0.010207381954473014,0.009280663934753257,3526,"tags=34%, list=19%, signal=28%",4076/2314/6125/6714/6624/3833/51676/10403/8766/7520/81027/6128/2648/55052/256364/84154/7138/64105/8841/51657/6232/11200/6713/25879/84445/1465/163786/10735/54801/26271/3796/1069/51335/1731/56890/9493/387103/1060/10398/84273/282809/1073/57647/1063/2959/51154/1965/5119/10464/25804/1874/221908/29127/93323/9787/22907/23172/29883/54475/54505/4733/22868/79884/84769/54443/1104/29997/55125/9735/27258/54627/4605/4848/388524/115106/729440/25978/57146/27341/56647/84231/83939/80153/203228/203068/550/8086/1062/55299/26073/51081/6491/6169/440145/1642/140609/1964/4869/51116/29901/6188/6152/201254/6223/6147/6228/23246/6209/3921/26284/6175/3692/259266/220717/29777/79643/6193/6134/55794/6208
GO:0006414,translational elongation,64,-0.6203793153736873,-1.7492462398594852,2.4656318486283613e-4,0.012171057036857521,0.011066058916340424,3800,"tags=47%, list=21%, signal=37%",54676/25898/16/60678/51250/6301/9652/64320/9604/10973/1936/51091/10600/9343/10399/143244/26046/55520/1938/51714/92342/6059/3396/1933/1984/7284/1915/6726/6181/6176
GO:1903320,regulation of protein modification by small protein conjugation or removal,224,-0.4761747218679705,-1.5277260442893286,2.6875196831808936e-4,0.013149986660335986,0.011956112496367077,3892,"tags=35%, list=22%, signal=28%",23142/207/84875/84707/25898/51343/7965/57761/6125/150684/29979/378884/254170/101929977/79142/57697/10987/7321/8841/10920/150678/7466/8554/5716/7337/56271/26271/26232/10980/64844/3320/27085/26272/10055/56160/7336/284/27338/330/9474/1020/329/29997/26191/5300/11338/7314/8877/51138/51035/23376/8878/11315/50813/648/10273/7334/27018/553115/9978/80149/4869/51160/10459/10362/79594/6188/6201/9349/201254/5478/54165/2873/4085/9318/23640/706/6187
GO:0002251,organ or tissue specific immune response,27,-0.7352775203192684,-1.7983125934075717,2.864926157527373e-4,0.013748164742698436,0.012499982587669803,930,"tags=30%, list=5%, signal=28%",8344/8343/8339/2197/8970/85236/8346/6170
GO:0010155,regulation of proton transport,14,-0.8241239527802602,-1.794402595529966,2.85003379440462e-4,0.013748164742698436,0.012499982587669803,2072,"tags=43%, list=11%, signal=38%",56848/10063/65990/11331/7114/4697
GO:0097193,intrinsic apoptotic signaling pathway,276,-0.4563765139314596,-1.4795829738475441,2.8837132931081337e-4,0.013748164742698436,0.012499982587669803,4162,"tags=35%, list=23%, signal=27%",7186/79094/63979/972/55031/54700/1969/51079/6498/207/54431/9958/472/51065/9641/23612/7917/1870/57761/4976/5831/6714/9833/29979/79915/5598/8065/1869/10494/9368/22954/10525/7466/1191/51657/3315/11200/836/58515/5164/57007/4609/578/10131/64844/8870/10514/29965/51499/57805/54205/27429/64782/10399/79156/26155/10488/81537/3265/27113/2068/598/7471/7494/9774/3094/3932/7314/581/1386/54541/54929/10961/6647/11315/7178/29108/7157/572/219790/1026/5034/675/1396/11235/51527/6188/6201/79073/1984/5478/4722/51024/2023/10134/10550/2876
GO:1904177,regulation of adipose tissue development,13,0.8197178902394775,1.94925105144696,3.4135546869325657e-4,0.01613627800314394,0.014671281428761018,1238,"tags=38%, list=7%, signal=36%",8648/8609/10499/6653/51738
GO:0120039,plasma membrane bounded cell projection morphogenesis,463,0.2965767436382648,1.276760631145023,3.671306108356198e-4,0.01720886174152174,0.015646486360070908,2895,"tags=21%, list=16%, signal=18%",4204/9175/54413/25942/998/2909/26230/81565/9334/89884/5727/127833/3480/23345/494470/6900/51199/57154/23499/57498/6905/8609/4898/9448/473/26037/5362/5062/8506/5048/9043/8650/6239/9962/57609/23181/26115/10507/23303/1857/79600/55811/8826/8874/56965/10154/9252/23394/10160/10152/2011/6477/1523/23426/26259/150465/26039/22906/2263/9856/8239/6792/8322/5663/6868/2534/4853/1889/10611/84062/26999/8522/84623/5818/5781/84298/57679/4851/4650/26053/23043/23334/9693/4684/4744/8831/6642/29904/2932/7204/440275/6585/8399/51347/57556/8408/50618/5530/538
GO:0006123,"mitochondrial electron transport, cytochrome c to oxygen",16,-0.8178104794456795,-1.808693235891616,3.9680933253235135e-4,0.0184450204738788,0.016770415474919902,2181,"tags=75%, list=12%, signal=66%",54205/1345/1349/1347/9167/1340/1329/1351/1327/1337/1350/4697
GO:0042744,hydrogen peroxide catabolic process,19,-0.785958483992228,-1.8102536065459809,4.1185122419914007e-4,0.018845580548689903,0.017134609100335523,1563,"tags=37%, list=9%, signal=34%",3045/25824/10935/10549/5052/7001/2876
GO:0090317,negative regulation of intracellular protein transport,38,-0.6642147860351183,-1.7369844072887128,4.1218372659379137e-4,0.018845580548689903,0.017134609100335523,3666,"tags=53%, list=20%, signal=42%",3998/3638/5569/2039/51763/7295/91319/284/55432/1020/11142/51569/51548/948/258010/5905/11315/7341/9530/580
GO:0042176,regulation of protein catabolic process,319,-0.4465636092205974,-1.4610566268936522,4.2001299585750674e-4,0.019047418625147746,0.017318122499285132,3990,"tags=32%, list=22%, signal=25%",3300/83547/3416/51079/207/22933/5476/7917/25898/51343/2316/54467/57761/79016/150684/51514/7076/29979/3458/154214/122809/22954/3093/5706/7466/2629/1191/10193/23400/51377/11200/8554/5716/11146/7514/55353/10869/26232/4734/3949/64844/84640/6811/8870/3320/9604/57805/4953/5708/9554/369/10399/975/5701/1855/29997/302/6449/5704/51548/8724/5300/10755/7314/10213/51035/29934/258010/23376/1027/5709/11315/9817/10273/1471/252839/5702/9978/1642/4946/7341/55737/160418/1050/51160/51201/55823/6613/10459/51257/1915/5245/8078/4085/23640/51374/79643/10134/580/6923/2876
GO:0043648,dicarboxylic acid metabolic process,72,-0.5852009070085098,-1.6796215830206929,4.2921775681129936e-4,0.019307876189463127,0.017554933381297457,4432,"tags=42%, list=24%, signal=32%",56267/162417/2271/4199/8803/2744/471/4942/5832/10005/9380/4552/8942/435/4191/2805/6470/2806/2356/3418/8659/57001/4190/5106/441024/5264/92259/8564/6472/60496
GO:0044282,small molecule catabolic process,293,-0.44489048347670257,-1.4473828362299113,4.3431373771955436e-4,0.019380816231997396,0.017621251270171053,4004,"tags=33%, list=22%, signal=26%",25953/5825/23564/215/207/60489/7378/10007/2820/2744/26061/22875/84129/51071/254552/4942/3030/125061/5828/3081/10005/2108/3101/138199/37/4552/8942/2720/27350/113675/4846/30/3155/23464/140564/2582/1738/259307/2805/1806/100/6470/2529/2184/219743/2806/197257/5973/6342/1384/132789/221/587/26007/8659/3176/4521/5223/10999/1593/3029/5106/4357/4860/225/6566/7263/5264/23659/5230/2639/11315/4245/205251/7157/572/8564/55862/2584/35/128/5211/1632/51084/7167/10327/1892/1891/2023/51181/9784/10994/6472/5315/60496/3028/2098
GO:0010823,negative regulation of mitochondrion organization,46,-0.6488648532296483,-1.7595297117709674,4.379267868420451e-4,0.01938694934130895,0.017626827560609636,2996,"tags=39%, list=17%, signal=33%",1191/10193/5716/4000/27069/578/8870/51499/598/292/27166/7157/115209/79594/10493/293/706/2876
GO:0048812,neuron projection morphogenesis,448,0.29836401018413344,1.2848600653578839,4.7213645507191587e-4,0.020736827924339736,0.01885415201439279,2895,"tags=21%, list=16%, signal=18%",4204/9175/54413/25942/998/2909/26230/81565/9334/89884/5727/127833/3480/23345/494470/6900/51199/57154/23499/57498/6905/8609/4898/9448/473/26037/5362/5062/8506/5048/9043/8650/9962/57609/23181/26115/10507/23303/1857/79600/55811/8826/56965/10154/9252/23394/10160/10152/2011/6477/1523/23426/26259/150465/26039/22906/2263/9856/8239/6792/8322/5663/6868/2534/4853/1889/10611/84062/26999/8522/84623/5818/5781/84298/57679/4851/26053/23043/23334/9693/4684/4744/8831/29904/2932/7204/440275/6585/8399/51347/57556/8408/50618/5530/538
GO:0051604,protein maturation,446,-0.41819970847469035,-1.379073357108175,4.989759461729295e-4,0.021744436154317193,0.01977028049885834,4138,"tags=32%, list=23%, signal=25%",79094/55367/6659/55848/219899/972/64924/5552/3300/134266/54431/9935/5046/388962/567/51098/2157/10422/27433/3998/2316/60559/91289/79031/114769/79659/6714/63891/11236/79363/2896/9093/10728/8260/100885848/55664/5768/11080/3337/9360/10525/81572/7466/728489/387787/1191/10808/1861/26973/3315/28972/6902/1512/836/23386/23203/23478/9601/3336/131118/578/6388/10131/219743/26278/2815/3320/55851/8772/10450/10694/27429/10575/5345/51218/3338/4706/81611/10988/2281/7841/83475/81562/51645/51601/24142/5824/79982/302/5201/871/10576/57002/83596/2288/10574/4669/84236/811/9986/29934/84191/10961/2162/402/5230/340348/5479/6903/29100/23770/10273/572/55847/122961/55898/5203/5034/1155/51647/115209/23753/5567/10549/7203/284106/53938/7411/23557/6782/9530/3312/5478/9526/2023/30968/51107/23640/9049/10856/60496/9403/200558
GO:0048193,Golgi vesicle transport,274,-0.450630442301633,-1.4604257409126202,5.034785820369538e-4,0.02177057000466766,0.01979404168301953,3501,"tags=31%, list=19%, signal=25%",57020/3638/150684/26984/11236/23033/377/9218/1445/54536/80055/10525/10483/9321/10652/1176/29097/57410/3875/8615/2060/6643/6293/378/3996/662/84342/6811/10960/10945/50999/10640/11018/81876/10466/9554/10399/54832/81562/23230/10597/27095/51762/10067/222068/10139/57511/10890/8724/1315/29886/6845/10791/29934/84364/51272/58485/51290/8548/9522/55850/553115/51124/5034/11316/10113/381/55297/23423/51026/51014/10897/10282/28952/90522/22818/11070/51614/25837/51693/54732/83871/738/79090/10134
GO:0006261,DNA-templated DNA replication,154,-0.49608478108339793,-1.5397318991306719,5.37793882041707e-4,0.023075494415604934,0.020980493309125058,4795,"tags=44%, list=26%, signal=32%",641/10293/4361/197342/253714/545/8099/7486/4683/54962/10269/5558/5813/55218/11073/51053/5984/11169/10498/9401/4171/91603/9093/79915/57697/64710/10926/546/4796/6117/26271/7083/201973/54107/6240/5557/5965/80198/81620/5980/10721/3159/5111/57804/997/10189/1763/5000/5001/5983/64318/2237/5424/5442/5427/4174/23595/25842/56655/675/5425/54465/2021/201254/5932/57418/580
GO:0034250,positive regulation of amide metabolic process,146,-0.50342219891848,-1.5650274254579237,5.781215133331049e-4,0.02442246211262117,0.02220517115332958,2996,"tags=30%, list=17%, signal=25%",1191/9513/2064/836/8893/84300/51335/26995/79072/10605/27230/285367/10492/113251/8664/56848/10600/7555/54505/84881/22868/84769/29081/143244/63935/114134/84305/6199/81554/6191/54931/1938/3646/55695/57409/4869/65094/1984/3692/28958/5315/5436/3276/6451
GO:2001233,regulation of apoptotic signaling pathway,320,-0.4403314569591568,-1.4400952847880446,5.806757564867526e-4,0.02442246211262117,0.02220517115332958,3497,"tags=28%, list=19%, signal=23%",4976/5831/6714/2623/29979/79886/79915/5598/9368/162989/22954/10525/7466/1191/51657/4846/3315/5716/1512/4000/64114/5925/57007/4609/27069/578/10131/64844/8870/246330/8772/51499/57805/9821/27429/342977/10399/8692/79156/26155/10488/27113/598/7471/8682/7494/3574/9774/3932/7314/292/83596/581/9521/4050/3162/54929/27166/84231/10961/55023/6647/11315/648/7178/29108/7157/572/219790/5196/5034/55011/81618/6188/6201/5518/1984/5478/5499/4722/7001/5859/51024/2023/2950/293/10134/2876
GO:0034248,regulation of amide metabolic process,432,-0.4176092776824027,-1.3778408445029144,5.823211654676614e-4,0.02442246211262117,0.02220517115332958,3036,"tags=24%, list=17%, signal=20%",7466/1191/9513/2064/6301/3315/836/8893/136319/56915/5164/84300/51335/26995/115416/79072/6470/29095/10131/22894/10643/10605/27230/5166/285367/10492/1974/113251/1965/51204/8664/54859/56848/342977/51091/10600/1653/10399/7555/29883/54505/84881/22868/84769/94103/9689/29081/143244/63935/5223/5036/114134/4848/5300/84305/6199/81554/8877/28998/811/6191/1613/54931/83939/23587/1938/3646/7157/84541/1977/6169/26610/51714/55695/57409/80149/92342/4869/65094/6059/6895/6188/1984/2597/7866/5499/56931/6726/1978/6203/3692/23521/27335/28958/6472/5315/5436/6134/64223/6208/3276/6451
GO:0062125,regulation of mitochondrial gene expression,30,-0.7018977054330452,-1.7651816177370023,5.931827175368947e-4,0.02469233730164775,0.022450544643305256,2652,"tags=57%, list=15%, signal=48%",51250/84300/51335/26995/115416/79072/285367/51204/84881/22868/84769/400916/81554/54931/57215/28958/6472
GO:0045454,cell redox homeostasis,37,-0.6755894401337197,-1.7635897096914623,6.059639526123414e-4,0.025037532797567704,0.022764400184688192,2504,"tags=41%, list=14%, signal=35%",4846/7295/9588/28964/51218/51027/25824/328/10935/51714/10549/5052/7001/25828/2876
GO:0048285,organelle fission,409,-0.4204209087450728,-1.384688990706517,6.115149153135658e-4,0.02508110439425787,0.022804015959603404,4234,"tags=35%, list=23%, signal=27%",84101/8697/113130/51537/5898/164045/157313/4438/63979/5155/23122/9088/5902/7155/221035/7283/22933/472/1028/332/7917/51343/84722/2316/5139/4976/56181/3833/10403/10005/8766/10419/57697/27030/256364/64423/192111/64105/1950/2059/80346/91137/699/701/11200/25879/83990/84861/10735/5925/9587/26271/64151/3796/1731/2491/9493/200942/1060/80198/81620/1063/11144/5119/27085/10464/5719/9232/147841/29127/10635/81930/9787/10600/55055/27338/23172/10388/4733/5000/56947/25906/79884/10051/10300/5824/54443/1104/8379/3835/7153/79866/55125/9735/54627/1164/150365/4605/10592/125170/5300/7314/10524/55706/891/729440/8877/25978/811/1613/56647/1027/55023/9928/983/29781/8086/1062/26073/440145/1642/55737/675/54461/54998/10459/79594/5518/51529/57082/11331/6152/201254/8815/116138/7272/51024/4085/8799/259266/5901/79643/9585
GO:0016137,glycoside metabolic process,15,-0.8003076756524252,-1.7517142903289988,6.327448240950466e-4,0.02576241334892095,0.023423469554283018,3012,"tags=53%, list=17%, signal=44%",2629/2717/2990/4668/55347/10327/231/8574
GO:0000470,maturation of LSU-rRNA,28,-0.7077804049161329,-1.752015997969848,6.576012521539901e-4,0.026580433221122874,0.02416722221874847,2517,"tags=46%, list=14%, signal=40%",84549/80135/84365/9326/10412/6130/6129/23481/4736/4809/23246/11224/3692
GO:1901657,glycosyl compound metabolic process,69,-0.5966211689144301,-1.6912216345241466,6.771875986299363e-4,0.027175197303293416,0.024707988263529216,3864,"tags=45%, list=21%, signal=35%",1890/60489/7378/22875/51071/132/2629/27350/140564/1716/28992/7083/2717/1806/100/51251/2990/4668/4833/4521/55039/10591/2079/4860/9836/3251/55347/10327/231/8574/353
GO:0032387,negative regulation of intracellular transport,49,-0.6378022276208001,-1.734900675192439,6.855197984672012e-4,0.027313067398928914,0.02483334127078929,3666,"tags=49%, list=20%, signal=39%",3998/27236/3638/5569/2039/51763/7295/91319/284/55432/1020/11142/51569/51548/8724/948/29934/258010/5905/11315/7341/55737/9530/580
GO:0006066,alcohol metabolic process,282,-0.4461304271192688,-1.4497988290127715,7.305775431007108e-4,0.028901854861104716,0.026277884305033403,3581,"tags=26%, list=20%, signal=21%",51141/351/3638/10901/51477/79178/6309/64801/37/8694/2629/2224/9562/6697/6713/10195/3949/2805/50814/2230/57104/3988/80271/171546/6307/90809/56848/5321/2232/1717/7108/23262/221/26007/57665/81537/3418/8228/27329/9249/10577/4597/3953/1593/6609/8877/5106/10682/3421/5592/57171/50/6647/11315/54344/3612/10654/85365/144245/2584/56052/1050/128/2222/3420/7167/10327/231/9526/22845/9784/8574
GO:1901798,positive regulation of signal transduction by p53 class mediator,26,-0.7215592393661263,-1.7467954815482727,7.477513830089045e-4,0.029231129028503982,0.026577263999421067,3002,"tags=46%, list=17%, signal=39%",6167/51147/4609/161742/7314/9521/10467/6201/9349/1984/6224/6209
GO:0030534,adult behavior,89,0.45559099078973647,1.6852257759262357,7.493817588877859e-4,0.029231129028503982,0.026577263999421067,2240,"tags=24%, list=12%, signal=21%",28996/4204/54413/5465/55636/26058/18/7248/6900/6905/4864/114781/5048/22876/51738/582/2395/894/238/85446/9698
GO:0046831,regulation of RNA export from nucleus,13,0.8015666715737287,1.9060882969303814,7.726129485752006e-4,0.029298699158386874,0.026638699504653238,1976,"tags=69%, list=11%, signal=62%",65125/6830/55677/55051/9972/29072/22916/54888/10657
GO:0003230,cardiac atrium development,17,0.7423193481206651,1.8984554307651125,7.710510134864583e-4,0.029298699158386874,0.026638699504653238,2273,"tags=47%, list=13%, signal=41%",3480/4194/57493/7468/4193/27031/4853/4851
GO:0031396,regulation of protein ubiquitination,183,-0.47794113725859844,-1.5085642190961321,7.773767435355428e-4,0.029298699158386874,0.026638699504653238,3877,"tags=34%, list=21%, signal=27%",207/84875/84707/25898/51343/7965/57761/6125/150684/29979/378884/254170/101929977/79142/57697/7321/8841/7466/5716/7337/56271/26271/26232/64844/3320/27085/26272/56160/7336/284/27338/330/9474/1020/329/26191/5300/11338/7314/8877/51035/23376/8878/11315/648/10273/7334/27018/553115/9978/4869/51160/10459/6188/6201/9349/201254/5478/54165/4085/23640/706/6187
GO:0033157,regulation of intracellular protein transport,209,-0.4692550597308033,-1.4960300011056822,7.582949237902733e-4,0.029298699158386874,0.026638699504653238,3333,"tags=29%, list=18%, signal=24%",5569/3843/3458/2039/8841/4641/2064/8314/23400/7514/9847/51763/5599/7295/91319/3320/10055/27429/59286/284/55432/8692/975/3265/56947/1020/84455/11142/27113/51569/53371/1894/51548/3728/948/125170/51496/258010/5905/983/11315/26229/10519/79752/4946/7341/7531/11235/80149/51201/55823/9530/10456/10155/51614/51024/54543/5901/9585/10134/580
GO:0048858,cell projection morphogenesis,465,0.29806082799813716,1.281735718207007,7.731112360930405e-4,0.029298699158386874,0.026638699504653238,2895,"tags=22%, list=16%, signal=19%",4204/9175/54413/25942/998/2909/26230/81565/9334/89884/5727/127833/3480/23345/494470/6900/51199/57154/23499/57498/6905/8609/4898/9448/473/26037/5362/5062/8506/5048/9043/8650/6239/9962/57609/23181/26115/10507/23303/1857/79600/55811/8826/8874/56965/10154/9252/23394/10160/10152/2011/6477/1523/23426/26259/150465/26039/22906/2263/9856/8239/6792/8322/5663/6868/2534/4853/1889/10611/84062/26999/8522/84623/5818/11252/5781/84298/57679/4851/4650/26053/23043/23334/9693/4684/4744/8831/6642/29904/2932/7204/440275/6585/8399/51347/57556/8408/50618/5530/538
GO:0045727,positive regulation of translation,124,-0.5173376282761232,-1.5922387552522674,8.367642401804382e-4,0.0313253082666207,0.028481314794696937,2995,"tags=32%, list=17%, signal=27%",9513/2064/8893/84300/51335/26995/79072/10605/27230/285367/10492/113251/8664/10600/7555/54505/84881/22868/84769/29081/143244/63935/84305/6199/81554/6191/54931/1938/3646/55695/57409/4869/65094/1984/3692/28958/5315/5436/3276/6451
GO:0048144,fibroblast proliferation,85,-0.5585251467184283,-1.6368219842852156,8.749797753698798e-4,0.0325375812467546,0.02958352672092688,4268,"tags=49%, list=24%, signal=38%",57124/10269/79577/5155/972/54700/2010/11285/84875/5828/890/10728/2648/1869/22954/55845/84445/3981/4609/51003/26272/56034/1163/23515/3265/7471/51548/1164/891/581/8877/4724/10437/983/648/7157/1026/6277/5052/1019/2950/2876
GO:0070199,establishment of protein localization to chromosome,26,-0.7178334246766414,-1.7377757976337602,9.038002521708334e-4,0.03298448275785715,0.029989854489886156,2285,"tags=50%, list=13%, signal=44%",79035/112869/10694/10575/65057/10576/10574/55135/675/7203/25913/3009/10856
GO:0140014,mitotic nuclear division,251,-0.45168128442034244,-1.4567669859102834,8.936154309420775e-4,0.03298448275785715,0.029989854489886156,3088,"tags=31%, list=17%, signal=26%",64105/1950/2059/80346/699/701/11200/84861/10735/5925/9587/26271/64151/3796/2491/9493/200942/1060/81620/1063/5119/27085/10464/147841/29127/81930/9787/10600/55055/27338/23172/4733/25906/79884/10051/10300/54443/1104/8379/3835/79866/55125/9735/54627/4605/10592/5300/10524/891/729440/8877/25978/1613/56647/1027/55023/9928/983/29781/8086/1062/26073/440145/54461/54998/10459/5518/51529/57082/11331/6152/8815/7272/4085/5901/79643/9585
GO:0032787,monocarboxylic acid metabolic process,474,-0.41244285373037254,-1.3628482092145497,9.047375155884086e-4,0.03298448275785715,0.029989854489886156,4083,"tags=29%, list=23%, signal=23%",9572/5830/972/54995/25953/5825/376497/55902/1737/215/207/27163/22933/26061/226/10062/57380/84129/51141/57761/4594/351/79993/11000/254552/3638/3030/5828/7416/10005/3458/5577/10728/2108/3101/64801/37/9380/8942/9524/2203/30/5162/5164/1738/8824/259307/26090/3248/8884/132949/2184/219743/5166/3988/8870/197257/6342/6307/3945/10464/153364/1384/28964/158584/5321/873/4706/79777/5091/2593/3418/301/51144/7376/7923/8050/5223/80142/51548/27329/7494/948/64834/10999/8560/1593/3029/54541/5106/225/6566/10965/11182/5264/50640/23659/402/5230/339123/2639/11315/11332/205251/2821/7157/26227/8564/113189/55862/2584/35/11313/128/5211/1632/2597/230/51084/55347/127281/7167/10327/231/1892/1891/2023/84266/51181/2879/3692/10994/2950/5315/60496/3028/64223/2876
GO:0030010,establishment of cell polarity,132,0.40323000315420643,1.5552858484825955,9.133168780754674e-4,0.03308104899938284,0.03007765357872592,1773,"tags=19%, list=10%, signal=17%",55691/27/998/23332/81565/55755/8729/3480/9267/81609/5048/1794/137886/9750/81704/4134/3064/4627/889/2011/54820/4926/154796/51571/1398
GO:0046902,regulation of mitochondrial membrane permeability,51,-0.6196154575247116,-1.6914395739894588,9.383184451728883e-4,0.033550899276758785,0.03050484661837366,2841,"tags=37%, list=16%, signal=31%",7755/1267/5599/578/8870/203245/27113/598/400916/292/581/1386/282991/7157/572/284114/79594/84266/293
GO:0006720,isoprenoid metabolic process,92,-0.5356693005096461,-1.5876083503690934,9.362851600396971e-4,0.033550899276758785,0.03050484661837366,3108,"tags=27%, list=17%, signal=23%",729920/8694/2224/10195/9453/57104/3988/27429/57665/8228/9249/10577/4597/5264/57171/54344/10654/85365/144245/56052/128/2222/231/9526/22845
GO:0032488,Cdc42 protein signal transduction,11,0.8109508507065223,1.829105622521986,0.0010170065083057688,0.03545538939580986,0.03223642998037628,1165,"tags=27%, list=6%, signal=26%",998/10928/19
GO:0018279,protein N-linked glycosylation via asparagine,21,-0.743986212440634,-1.7459206826753948,0.0010059184714806574,0.03545538939580986,0.03223642998037628,1244,"tags=43%, list=7%, signal=40%",55757/4245/256281/3703/6184/1650/1603/58505/100128731
GO:0032507,maintenance of protein location in cell,59,-0.5955786548744849,-1.6554226749749446,0.0010061009114143396,0.03545538939580986,0.03223642998037628,2504,"tags=36%, list=14%, signal=31%",7295/55704/920/10945/54832/23230/23515/1020/9168/81573/25777/400916/5905/402/11315/5756/7114/11344/8733/706/580
GO:0050770,regulation of axonogenesis,127,0.402235668233437,1.5523335859901546,0.0010163670674332857,0.03545538939580986,0.03223642998037628,1842,"tags=18%, list=10%, signal=16%",9175/2909/26230/6900/51199/57154/23499/4898/26037/5362/5062/5048/57609/10507/23303/55811/10154/23394/2011/22906/9856/6792/5663
GO:0000966,RNA 5'-end processing,22,-0.7416990184024329,-1.7555347497134277,0.0010402962570885594,0.035819583469382625,0.032567559237509286,1207,"tags=50%, list=7%, signal=47%",51367/6741/10556/54931/10775/54913/10248/138716/10607/29777/3028
GO:0034599,cellular response to oxidative stress,214,-0.4561857150253376,-1.4543436799793634,0.0010379879355456316,0.035819583469382625,0.032567559237509286,4061,"tags=36%, list=22%, signal=28%",5830/3082/318/7155/215/207/558/22933/472/5796/5831/6714/5828/29957/3297/5598/10494/54033/4846/23400/3725/5164/57332/5599/11179/7295/54936/10131/5195/1965/5111/116988/27429/10399/79912/221/51389/27067/301/9361/84769/2241/4257/140823/1894/10516/948/29920/7444/55290/1386/4669/8877/5192/3162/54929/25824/50640/8878/983/6647/11315/55074/7157/9817/10935/11235/60674/80149/5052/6188/5478/51142/7001/10550/2876
GO:0034471,ncRNA 5'-end processing,21,-0.7428608368956398,-1.7432797514230036,0.0010599267267269593,0.036038761868290775,0.032766838648341214,1207,"tags=52%, list=7%, signal=49%",51367/6741/10556/54931/10775/54913/10248/138716/10607/29777/3028
GO:0016226,iron-sulfur cluster assembly,28,-0.6954370313194166,-1.7214616228272808,0.0010789661584805592,0.036038761868290775,0.032766838648341214,2227,"tags=39%, list=12%, signal=35%",4682/51218/4706/51027/57128/64428/84191/122961/57019/51647/10101
GO:0031163,metallo-sulfur cluster assembly,28,-0.6954370313194166,-1.7214616228272808,0.0010789661584805592,0.036038761868290775,0.032766838648341214,2227,"tags=39%, list=12%, signal=35%",4682/51218/4706/51027/57128/64428/84191/122961/57019/51647/10101
GO:0045185,maintenance of protein location,84,-0.5398495121244784,-1.5818288816251158,0.0010582688269836981,0.036038761868290775,0.032766838648341214,2504,"tags=37%, list=14%, signal=32%",2316/51141/3638/100532736/4681/5716/7295/55704/920/10945/4794/4052/54832/23230/23515/1020/9168/81573/25777/400916/5905/402/11315/9817/5756/7114/11344/28952/8733/706/580
GO:0016441,post-transcriptional gene silencing,112,0.4132828375706104,1.5693570817332194,0.001078505392121778,0.036038761868290775,0.032766838648341214,2647,"tags=29%, list=15%, signal=25%",23112/4204/55421/8737/57690/27327/10658/27161/440823/26058/192669/192670/693189/23019/100126327/26523/10984/5936/54487/6774/57472/22916/100423036/56478/693225/693158/9698/693175/100422981/9337/283131/6780
GO:0008344,adult locomotory behavior,51,0.5286363979381504,1.7640423423623666,0.0010967053265888978,0.03641322804590995,0.0331073074154468,1688,"tags=25%, list=9%, signal=23%",28996/4204/55636/26058/7248/6900/6905/4864/114781/5048/22876/2395/894
GO:0008207,C21-steroid hormone metabolic process,23,-0.7311223026488916,-1.7504584178685079,0.001126243700517463,0.037172706280984666,0.03379783337958976,317,"tags=13%, list=2%, signal=13%",231/706/3028
GO:1902108,regulation of mitochondrial membrane permeability involved in apoptotic process,39,-0.6433873642050802,-1.6900777365306912,0.0011399055404782703,0.037402312381104655,0.03400659377104833,2514,"tags=36%, list=14%, signal=31%",5599/578/8870/203245/27113/400916/292/581/1386/282991/7157/284114/79594/293
GO:0006285,"base-excision repair, AP site formation",12,-0.8206011870862382,-1.7170526513834452,0.0011766834145822832,0.0383832753598829,0.03489849610007658,1093,"tags=42%, list=6%, signal=39%",6996/7374/55247/4350/4913
GO:0006415,translational termination,17,-0.769462447573946,-1.7299068880588016,0.0012764695414472721,0.04123825049590544,0.03749427089303323,1695,"tags=41%, list=9%, signal=37%",143244/23708/65094/6059/3396/1984/327
GO:0051056,regulation of small GTPase mediated signal transduction,259,0.3355601672601579,1.3842309109719961,0.001278991992791617,0.04123825049590544,0.03749427089303323,3215,"tags=24%, list=18%, signal=20%",221178/27/2151/9649/2909/26230/57186/51196/8729/23108/57493/9267/5894/9448/26037/57148/867/9815/11214/1794/10928/9750/81704/23092/22898/57568/19/202243/57580/604/154796/5909/51571/84253/6655/1398/55114/1435/653160/4853/9938/57679/253980/4851/4650/26053/9170/9922/8831/7204/2305/9901/9289/5879/57706/23075/27342/26030/2150/1795/5291
GO:0007007,inner mitochondrial membrane organization,40,-0.6255222224660102,-1.6471812274909599,0.0013144412817860842,0.04213766361955619,0.03831202719688659,2972,"tags=40%, list=16%, signal=34%",90580/91137/79568/790955/27069/29928/140823/400916/26519/26520/10651/8834/26521/115209/125988/26517
GO:0050830,defense response to Gram-positive bacterium,71,-0.5609131706775149,-1.604897828104719,0.0013552390441275983,0.043197276503678536,0.03927543888485274,1706,"tags=21%, list=9%, signal=19%",79792/140823/3105/54/948/8344/29108/6039/8343/8339/2197/8970/85236/8346/6170
GO:0035751,regulation of lysosomal lumen pH,28,-0.6903592728234201,-1.7088923088747883,0.0013730236230356033,0.043515487325526105,0.0395647596637891,2021,"tags=36%, list=11%, signal=32%",2896/527/533/440400/8804/252839/23557/54664/84317/9296
GO:0016093,polyprenol metabolic process,23,-0.7260859501466586,-1.7384003455036705,0.0014164237950281082,0.04463735552919089,0.04058477457297309,1163,"tags=30%, list=6%, signal=29%",57171/54344/85365/144245/56052/9526/22845
GO:0019348,dolichol metabolic process,22,-0.7330258821941561,-1.7350062177552443,0.001443383545153094,0.04518462274040277,0.04108235594030316,1163,"tags=32%, list=6%, signal=30%",57171/54344/85365/144245/56052/9526/22845
GO:0046777,protein autophosphorylation,174,0.3612079731812341,1.446431816394604,0.0014499905827415015,0.04518462274040277,0.04108235594030316,2805,"tags=23%, list=15%, signal=20%",9175/4140/6872/8737/79834/6789/22853/23049/23235/3480/51755/23604/5062/4117/9943/2081/2475/1859/8550/4067/5170/2011/10783/5613/2263/6793/6792/9625/238/200576/8569/8428/23043/660/9770/29904/2932/440275/51347/8408
GO:0009123,nucleoside monophosphate metabolic process,67,-0.5669690016739815,-1.6059780933351626,0.0014736693813967752,0.04533369289855278,0.04121789216758078,4117,"tags=42%, list=23%, signal=32%",54963/318/2618/1890/221264/7378/471/132/30833/5631/1716/7083/1806/100/6470/56953/204/51727/5198/83549/1854/1633/10591/2987/4860/3251/102157402/353
GO:0062197,cellular response to chemical stress,267,-0.44849037581710133,-1.4507339404806592,0.0014791559891603812,0.04533369289855278,0.04121789216758078,3473,"tags=30%, list=19%, signal=25%",5831/6714/5828/7520/29957/51701/3297/5598/5290/10494/54033/4846/2203/23400/3725/836/5164/6513/57332/5599/11179/7295/54936/10131/5195/1965/5111/116988/27429/84230/10399/79912/221/9474/51389/27067/301/9361/84769/2241/4257/140823/1894/10516/948/29920/7444/55290/1386/4669/8877/5192/3162/54929/25824/50640/2547/8878/983/6647/11315/29108/55074/7157/9817/572/9978/10935/11235/60674/80149/5052/6188/5478/231/51142/7001/706/64223/10550/2876
GO:0006417,regulation of translation,381,-0.41477643168737943,-1.3610188679053854,0.0014730024026687351,0.04533369289855278,0.04121789216758078,2785,"tags=22%, list=15%, signal=19%",8893/136319/56915/84300/51335/26995/115416/79072/6470/10131/22894/10643/10605/27230/285367/10492/1974/113251/1965/51204/8664/54859/342977/51091/10600/1653/10399/7555/29883/54505/84881/22868/84769/9689/29081/143244/63935/5036/4848/84305/6199/81554/28998/811/6191/1613/54931/83939/23587/1938/3646/84541/1977/6169/26610/51714/55695/57409/80149/92342/4869/65094/6059/6895/6188/1984/2597/7866/5499/56931/6726/1978/6203/3692/23521/27335/28958/6472/5315/5436/6134/6208/3276/6451
GO:0000963,mitochondrial RNA processing,21,-0.732614128082284,-1.7192336863919027,0.0015061611218018759,0.04590910785470417,0.04174106577418141,2523,"tags=38%, list=14%, signal=33%",79072/84881/22868/79675/54931/10922/9238/3028
GO:0009650,UV protection,11,-0.8317885117579977,-1.6961464401175095,0.0015232400660183602,0.046177353740491374,0.041984957883732604,1546,"tags=45%, list=9%, signal=42%",2068/2237/2067/51150/2876
GO:0061620,glycolytic process through glucose-6-phosphate,17,-0.7594690612274668,-1.7074397385178284,0.001545011041197731,0.046584170744869965,0.04235484037832527,1655,"tags=41%, list=9%, signal=37%",5223/5230/2584/5211/7167/2023/5315
GO:0070129,regulation of mitochondrial translation,25,-0.7053404724542109,-1.7058417027293082,0.0015701614819123293,0.04708796100057512,0.04281289201954501,2652,"tags=56%, list=15%, signal=48%",84300/51335/26995/115416/79072/285367/51204/84881/22868/84769/81554/54931/28958/6472
GO:0060395,SMAD protein signal transduction,61,0.49004287933023133,1.6924786980359667,0.0016163529341398422,0.04821399286969005,0.04383669257914867,2757,"tags=25%, list=15%, signal=21%",28996/11030/10220/753/57178/7043/860/6711/9856/10432/4838/64081/6497/4856/4088
GO:0016358,dendrite development,175,0.35522097567659927,1.4241738014728047,0.0016447823272834237,0.04880104160418584,0.0443704437449694,2591,"tags=25%, list=14%, signal=21%",4204/998/23345/57498/8609/473/26037/57118/5062/5048/23181/26115/10507/50807/8550/56965/51738/10160/57580/10152/1523/26259/26039/22906/582/9856/116443/6792/8322/1398/5663/238/2534/10611/84062/84298/23043/9693/23613/9922/8831/29904/2932
GO:0001836,release of cytochrome c from mitochondria,52,-0.5990847785303155,-1.6347724089935118,0.001654292267306648,0.04882350405839409,0.04439086685537973,2996,"tags=33%, list=17%, signal=27%",1191/5716/4000/27069/578/51499/56947/27113/598/581/27166/29108/7157/572/92609/51024/2876
